Date,Close,Adj Close,Volume,DGS10,VIXCLS
2018-01-02,107.95,85.52,"13,578,800",2.46,9.77
2018-01-03,108.06,85.6,"11,901,000",2.44,9.15
2018-01-04,109.04,86.83,"12,953,700",2.46,9.22
2018-01-05,108.34,86.27,"14,155,000",2.47,9.22
2018-01-08,108.5,86.4,"12,466,500",2.49,9.52
2018-01-09,109.05,86.84,"13,292,300",2.55,10.08
2018-01-10,110.25,87.79,"15,834,500",2.55,9.82
2018-01-11,110.84,88.26,"13,676,800",2.54,9.88
2018-01-12,112.67,89.72,"18,884,200",2.55,10.16
2018-01-16,112.27,89.4,"22,703,300",2.54,11.66
2018-01-17,112.99,89.97,"14,940,300",2.57,11.91
2018-01-18,113.26,90.19,"14,572,900",2.62,12.22
2018-01-19,113.01,89.99,"18,785,500",2.64,11.27
2018-01-22,114.33,91.04,"12,475,700",2.66,11.03
2018-01-23,114.21,90.95,"12,320,800",2.63,11.1
2018-01-24,115.67,92.11,"15,904,500",2.65,11.47
2018-01-25,115.7,92.13,"13,510,000",2.63,11.58
2018-01-26,116.32,92.63,"13,883,900",2.66,11.08
2018-01-29,116.2,92.53,"11,679,900",2.7,13.84
2018-01-30,115.11,91.66,"14,279,100",2.73,14.79
2018-01-31,115.67,92.11,"13,141,400",2.72,13.54
2018-02-01,116.87,93.06,"13,800,600",2.78,13.47
2018-02-02,114.28,91.0,"16,477,300",2.84,17.31
2018-02-05,108.8,86.64,"30,097,600",2.77,37.32
2018-02-06,112.11,89.27,"33,114,800",2.79,29.98
2018-02-07,112.87,89.88,"21,878,300",2.84,27.73
2018-02-08,107.88,85.91,"27,425,800",2.85,33.46
2018-02-09,110.04,87.63,"28,188,000",2.83,29.06
2018-02-12,111.74,88.98,"18,043,300",2.86,25.61
2018-02-13,112.43,89.53,"16,358,200",2.83,24.97
2018-02-14,115.03,91.6,"15,186,900",2.91,19.26
2018-02-15,115.51,91.98,"12,130,200",2.9,19.13
2018-02-16,114.68,91.32,"13,214,300",2.87,19.46
2018-02-20,114.71,91.34,"13,461,500",2.88,20.6
2018-02-21,115.19,91.73,"14,212,500",2.94,20.02
2018-02-22,114.98,91.56,"17,070,400",2.92,18.72
2018-02-23,117.31,93.41,"12,162,500",2.88,16.49
2018-02-26,118.77,94.58,"16,511,200",2.86,15.8
2018-02-27,117.36,93.45,"17,563,300",2.9,18.59
2018-02-28,115.5,91.97,"17,735,600",2.87,19.85
2018-03-01,113.43,90.33,"18,690,000",2.81,22.47
2018-03-02,113.32,90.24,"18,353,700",2.86,19.59
2018-03-05,115.06,91.62,"13,933,000",2.88,18.73
2018-03-06,115.16,91.7,"10,674,400",2.88,18.36
2018-03-07,114.73,91.36,"13,006,500",2.89,17.76
2018-03-08,114.74,91.37,"11,173,700",2.86,16.54
2018-03-09,118.04,94.0,"15,366,600",2.9,14.64
2018-03-12,117.66,93.69,"12,339,300",2.87,15.78
2018-03-13,116.25,92.57,"13,312,300",2.84,16.35
2018-03-14,114.95,91.54,"12,905,100",2.81,17.23
2018-03-15,115.24,91.77,"8,748,000",2.82,16.59
2018-03-16,115.44,91.93,"19,888,900",2.85,15.8
2018-03-19,114.53,91.2,"13,214,900",2.85,19.02
2018-03-20,114.64,91.29,"9,921,200",2.89,18.2
2018-03-21,114.74,91.37,"13,633,000",2.89,17.86
2018-03-22,109.95,87.55,"22,550,400",2.83,23.34
2018-03-23,107.01,85.21,"23,081,500",2.82,24.87
2018-03-26,110.31,87.84,"20,217,500",2.85,21.03
2018-03-27,108.17,86.14,"18,039,900",2.78,22.5
2018-03-28,108.0,86.0,"19,189,300",2.77,22.87
2018-03-29,109.97,87.57,"13,274,600",2.74,19.97
2018-04-02,107.85,85.88,"18,822,500",2.73,23.62
2018-04-03,109.33,87.06,"14,050,700",2.79,21.1
2018-04-04,110.99,88.38,"15,302,600",2.79,20.06
2018-04-05,111.88,89.54,"16,627,000",2.83,18.94
2018-04-06,109.09,87.31,"18,906,000",2.77,21.49
2018-04-09,110.4,88.36,"15,974,300",2.78,21.77
2018-04-10,112.51,90.05,"13,951,400",2.8,20.47
2018-04-11,110.62,88.53,"14,503,300",2.79,20.24
2018-04-12,113.37,90.74,"16,435,500",2.83,18.49
2018-04-13,110.3,88.28,"39,152,800",2.82,17.41
2018-04-16,110.21,88.21,"16,580,500",2.83,16.56
2018-04-17,110.21,88.21,"15,501,400",2.82,15.25
2018-04-18,109.32,87.49,"16,081,400",2.87,15.6
2018-04-19,111.72,89.41,"17,911,000",2.92,15.96
2018-04-20,111.47,89.21,"15,584,400",2.96,16.88
2018-04-23,110.93,88.78,"11,285,800",2.98,16.34
2018-04-24,110.41,88.37,"16,453,100",3.0,18.02
2018-04-25,109.99,88.03,"13,548,200",3.03,17.84
2018-04-26,110.1,88.12,"10,299,500",3.0,16.24
2018-04-27,109.4,87.56,"9,384,000",2.96,15.41
2018-04-30,108.78,87.06,"13,744,900",2.95,15.93
2018-05-01,108.78,87.06,"10,503,400",2.97,15.49
2018-05-02,107.92,86.37,"12,162,100",2.97,15.97
2018-05-03,107.24,85.83,"15,379,100",2.94,15.9
2018-05-04,108.43,86.78,"11,967,900",2.95,14.77
2018-05-07,109.37,87.53,"9,356,700",2.95,14.75
2018-05-08,110.99,88.83,"12,543,200",2.97,14.71
2018-05-09,113.41,90.77,"11,368,100",3.0,13.42
2018-05-10,114.29,91.47,"9,159,700",2.97,13.23
2018-05-11,113.86,91.13,"10,253,000",2.97,12.65
2018-05-14,113.9,91.16,"8,710,700",3.0,12.93
2018-05-15,113.03,90.46,"11,536,200",3.08,14.63
2018-05-16,113.34,90.71,"7,571,100",3.09,13.42
2018-05-17,112.96,90.41,"8,617,200",3.11,13.43
2018-05-18,111.13,88.94,"11,806,300",3.06,13.42
2018-05-21,112.15,89.76,"9,441,900",3.06,13.08
2018-05-22,113.01,90.45,"11,507,600",3.06,13.22
2018-05-23,112.49,90.03,"11,453,900",3.01,12.58
2018-05-24,111.23,89.02,"14,084,800",2.98,12.53
2018-05-25,110.66,88.57,"8,283,500",2.93,13.22
2018-05-29,105.93,84.78,"30,643,800",2.77,17.02
2018-05-30,108.35,86.72,"17,490,800",2.84,14.94
2018-05-31,107.01,85.65,"19,808,200",2.83,15.43
2018-06-01,108.4,86.76,"13,594,200",2.89,13.46
2018-06-04,108.45,86.8,"9,415,400",2.94,12.74
2018-06-05,107.84,86.31,"10,415,200",2.92,12.4
2018-06-06,110.36,88.33,"15,453,600",2.97,11.64
2018-06-07,110.8,88.68,"13,444,400",2.93,12.13
2018-06-08,111.11,88.93,"10,383,200",2.93,12.18
2018-06-11,110.83,88.7,"12,642,900",2.96,12.35
2018-06-12,110.19,88.19,"15,294,100",2.96,12.34
2018-06-13,109.97,88.01,"14,979,700",2.98,12.94
2018-06-14,108.03,86.46,"20,487,300",2.94,12.12
2018-06-15,107.9,86.36,"26,028,600",2.93,11.98
2018-06-18,108.18,86.58,"9,786,800",2.92,12.31
2018-06-19,107.55,86.08,"12,707,200",2.89,13.35
2018-06-20,107.54,86.07,"8,876,900",2.93,12.79
2018-06-21,107.51,86.05,"11,048,700",2.9,14.64
2018-06-22,105.75,84.64,"19,478,900",2.9,13.77
2018-06-25,104.79,83.87,"16,907,600",2.87,17.33
2018-06-26,104.86,83.92,"17,086,800",2.88,15.92
2018-06-27,103.24,82.63,"16,276,800",2.83,17.91
2018-06-28,104.93,83.98,"14,491,300",2.84,16.85
2018-06-29,104.2,83.4,"18,972,400",2.85,16.09
2018-07-02,105.08,84.1,"11,130,000",2.87,15.6
2018-07-03,103.61,82.92,"8,311,700",2.83,16.14
2018-07-05,103.72,83.46,"10,723,400",2.84,14.97
2018-07-06,104.06,83.74,"12,173,700",2.82,13.37
2018-07-09,107.28,86.33,"13,900,800",2.86,12.69
2018-07-10,106.62,85.8,"14,575,900",2.87,12.64
2018-07-11,106.39,85.61,"10,186,500",2.85,13.63
2018-07-12,106.85,85.98,"12,456,800",2.85,12.58
2018-07-13,106.36,85.59,"21,289,100",2.83,12.18
2018-07-16,110.58,88.98,"24,662,600",2.85,12.83
2018-07-17,110.5,88.92,"14,821,900",2.86,12.06
2018-07-18,111.53,89.75,"14,244,900",2.88,12.1
2018-07-19,109.89,88.43,"16,775,300",2.84,12.87
2018-07-20,111.28,89.55,"13,578,100",2.89,12.86
2018-07-23,113.35,91.21,"18,140,000",2.96,12.62
2018-07-24,114.15,91.86,"14,000,400",2.95,12.41
2018-07-25,115.18,92.68,"13,329,100",2.94,12.29
2018-07-26,114.85,92.42,"11,897,800",2.98,12.14
2018-07-27,116.03,93.37,"12,802,700",2.96,13.03
2018-07-30,116.73,93.93,"13,411,600",2.98,14.26
2018-07-31,114.95,92.5,"15,843,800",2.96,12.83
2018-08-01,115.66,93.07,"13,531,600",3.0,13.15
2018-08-02,116.15,93.47,"11,058,100",2.98,12.19
2018-08-03,117.09,94.22,"11,016,100",2.95,11.64
2018-08-06,117.12,94.25,"9,857,400",2.94,11.27
2018-08-07,117.55,94.59,"10,562,100",2.98,10.93
2018-08-08,117.79,94.79,"8,997,100",2.96,10.85
2018-08-09,116.88,94.05,"9,694,200",2.93,11.27
2018-08-10,115.73,93.13,"12,630,600",2.87,13.16
2018-08-13,113.89,91.65,"10,336,300",2.88,14.78
2018-08-14,114.65,92.26,"10,597,600",2.89,13.31
2018-08-15,113.7,91.49,"10,152,100",2.86,14.64
2018-08-16,114.77,92.35,"10,118,600",2.87,13.45
2018-08-17,114.77,92.35,"8,505,100",2.87,12.64
2018-08-20,114.62,92.23,"8,618,700",2.82,12.49
2018-08-21,115.32,92.8,"10,976,700",2.85,12.86
2018-08-22,114.97,92.52,"8,314,700",2.82,12.25
2018-08-23,114.73,92.32,"9,265,400",2.82,12.41
2018-08-24,114.68,92.28,"8,845,700",2.82,11.99
2018-08-27,116.71,93.92,"13,768,000",2.85,12.16
2018-08-28,116.14,93.46,"8,302,600",2.88,12.5
2018-08-29,115.76,93.15,"7,221,700",2.89,12.25
2018-08-30,115.19,92.69,"8,991,800",2.86,13.53
2018-08-31,114.58,92.2,"13,065,700",2.86,12.86
2018-09-04,115.15,92.66,"10,174,200",2.9,13.16
2018-09-05,114.59,92.21,"11,462,400",2.9,13.91
2018-09-06,114.1,91.82,"9,877,600",2.88,14.65
2018-09-07,114.32,91.99,"10,955,600",2.94,14.88
2018-09-10,113.71,91.5,"8,276,900",2.94,14.16
2018-09-11,114.43,92.08,"9,333,800",2.98,13.22
2018-09-12,113.08,91.0,"10,800,800",2.97,13.14
2018-09-13,113.52,91.35,"12,470,800",2.97,12.37
2018-09-14,113.5,91.33,"10,337,900",2.99,12.07
2018-09-17,113.84,91.61,"9,561,300",2.99,13.68
2018-09-18,114.3,91.98,"7,944,200",3.05,12.79
2018-09-19,117.62,94.65,"16,052,800",3.08,11.75
2018-09-20,118.63,95.46,"15,590,000",3.07,11.8
2018-09-21,117.85,94.83,"24,788,200",3.07,11.68
2018-09-24,116.72,93.92,"12,492,500",3.08,12.2
2018-09-25,116.39,93.66,"9,308,300",3.1,12.42
2018-09-26,115.02,92.56,"14,023,600",3.06,12.89
2018-09-27,114.52,92.15,"13,283,000",3.06,12.41
2018-09-28,112.84,90.8,"15,815,100",3.05,12.12
2018-10-01,113.5,91.33,"10,146,300",3.09,12.0
2018-10-02,113.97,91.71,"13,753,100",3.05,12.05
2018-10-03,115.04,92.57,"17,142,000",3.15,11.61
2018-10-04,115.27,93.41,"16,357,400",3.19,14.22
2018-10-05,114.62,92.88,"13,777,600",3.23,14.82
2018-10-08,115.32,93.45,"14,370,900",3.23,15.69
2018-10-09,114.52,92.8,"14,069,500",3.21,15.95
2018-10-10,111.47,90.33,"23,086,400",3.22,22.96
2018-10-11,108.13,87.62,"33,705,600",3.14,24.98
2018-10-12,106.95,86.66,"32,075,700",3.15,21.31
2018-10-15,106.34,86.17,"18,903,200",3.16,21.3
2018-10-16,108.62,88.02,"19,302,800",3.16,17.62
2018-10-17,109.83,89.0,"18,794,500",3.19,17.4
2018-10-18,108.09,87.59,"17,582,500",3.17,20.06
2018-10-19,107.91,87.44,"15,234,500",3.2,19.89
2018-10-22,106.36,86.19,"16,199,100",3.2,19.64
2018-10-23,105.25,85.29,"21,407,500",3.17,20.71
2018-10-24,103.29,83.7,"23,168,900",3.1,25.23
2018-10-25,104.86,84.97,"17,464,700",3.14,24.22
2018-10-26,103.42,83.8,"19,174,900",3.08,24.16
2018-10-29,104.85,84.96,"18,445,200",3.08,24.7
2018-10-30,106.7,86.46,"18,019,700",3.12,23.35
2018-10-31,109.02,88.34,"20,860,000",3.15,21.23
2018-11-01,108.98,88.31,"13,065,000",3.14,19.34
2018-11-02,108.38,87.82,"19,009,200",3.22,19.51
2018-11-05,109.09,88.4,"10,276,400",3.2,19.96
2018-11-06,109.6,88.81,"10,825,000",3.22,19.91
2018-11-07,111.48,90.34,"12,679,600",3.22,16.36
2018-11-08,112.38,91.06,"11,662,500",3.24,16.72
2018-11-09,111.29,90.18,"10,432,200",3.19,17.36
2018-11-12,108.95,88.29,"13,279,700",3.19,20.45
2018-11-13,109.59,88.8,"13,746,100",3.14,20.02
2018-11-14,107.33,86.97,"18,361,400",3.12,21.25
2018-11-15,110.07,89.19,"19,100,000",3.11,19.98
2018-11-16,109.99,89.13,"13,798,600",3.08,18.14
2018-11-19,110.83,89.81,"13,987,000",3.06,20.1
2018-11-20,108.45,87.88,"18,936,200",3.06,22.48
2018-11-21,107.64,87.22,"10,619,600",3.06,20.8
2018-11-23,106.65,86.42,"6,488,400",3.05,21.52
2018-11-26,109.26,88.54,"13,948,300",3.07,18.9
2018-11-27,109.72,88.91,"9,238,200",3.06,19.02
2018-11-28,110.94,89.9,"13,977,300",3.06,18.49
2018-11-29,110.06,89.19,"11,144,300",3.03,18.79
2018-11-30,111.19,90.1,"18,652,700",3.01,18.07
2018-12-03,112.24,90.95,"16,034,500",2.98,16.44
2018-12-04,107.23,86.89,"23,555,900",2.91,20.74
2018-12-06,105.19,85.24,"27,213,900",2.87,21.19
2018-12-07,103.29,83.7,"19,248,600",2.85,23.23
2018-12-10,101.36,82.14,"23,636,400",2.85,22.64
2018-12-11,100.37,81.33,"16,860,700",2.89,21.76
2018-12-12,101.02,81.86,"22,621,500",2.91,21.46
2018-12-13,101.12,81.94,"17,250,900",2.91,20.65
2018-12-14,100.29,81.27,"19,879,500",2.89,21.63
2018-12-17,99.01,80.23,"25,113,500",2.86,24.52
2018-12-18,98.54,79.85,"20,837,200",2.82,25.58
2018-12-19,97.29,78.84,"28,767,900",2.77,25.58
2018-12-20,96.45,78.16,"31,825,200",2.79,28.38
2018-12-21,94.17,76.31,"41,313,900",2.79,30.11
2018-12-24,92.14,74.66,"17,009,300",2.74,36.07
2018-12-26,95.96,77.76,"22,542,900",2.81,30.41
2018-12-27,97.04,78.63,"20,304,700",2.77,29.96
2018-12-28,96.83,78.46,"17,963,300",2.72,28.34
2018-12-31,97.62,79.1,"13,237,200",2.69,25.42
2019-01-02,99.31,80.47,"15,670,900",2.66,23.22
2019-01-03,97.11,79.33,"16,286,400",2.56,25.45
2019-01-04,100.69,82.25,"16,935,200",2.67,21.38
2019-01-07,100.76,82.31,"15,430,700",2.7,21.4
2019-01-08,100.57,82.16,"13,578,800",2.73,20.47
2019-01-09,100.4,82.02,"14,230,300",2.74,19.98
2019-01-10,100.39,82.01,"14,376,100",2.74,19.5
2019-01-11,99.91,81.62,"15,439,900",2.71,18.19
2019-01-14,100.94,82.46,"21,258,500",2.71,19.07
2019-01-15,101.68,83.06,"26,504,900",2.72,18.6
2019-01-16,102.5,83.73,"18,533,000",2.73,19.04
2019-01-17,102.92,84.08,"14,247,600",2.75,18.06
2019-01-18,104.59,85.44,"16,428,700",2.79,17.8
2019-01-22,102.94,84.09,"17,083,700",2.74,20.8
2019-01-23,102.68,83.88,"12,146,700",2.76,19.52
2019-01-24,102.74,83.93,"11,296,800",2.72,18.89
2019-01-25,103.39,84.46,"14,369,400",2.76,17.42
2019-01-28,103.88,84.86,"12,283,100",2.75,18.87
2019-01-29,104.17,85.1,"9,743,300",2.72,19.13
2019-01-30,104.41,85.29,"12,526,300",2.7,17.66
2019-01-31,103.5,84.55,"17,520,600",2.63,16.57
2019-02-01,103.88,84.86,"13,000,800",2.7,16.14
2019-02-04,104.25,85.16,"9,871,500",2.73,15.73
2019-02-05,103.79,84.79,"12,763,000",2.71,15.57
2019-02-06,103.74,84.75,"8,745,000",2.7,15.38
2019-02-07,102.38,83.64,"13,177,500",2.65,16.37
2019-02-08,101.36,82.8,"12,892,600",2.63,15.72
2019-02-11,100.88,82.41,"10,978,500",2.65,15.97
2019-02-12,102.6,83.82,"12,852,300",2.68,15.43
2019-02-13,103.09,84.22,"10,754,100",2.71,15.65
2019-02-14,102.42,83.67,"11,518,500",2.66,16.22
2019-02-15,105.55,86.23,"14,716,900",2.66,14.91
2019-02-19,105.18,85.92,"12,764,900",2.65,14.88
2019-02-20,105.69,86.34,"10,030,300",2.65,14.02
2019-02-21,105.47,86.16,"8,400,100",2.69,14.46
2019-02-22,105.0,85.78,"10,647,300",2.65,13.51
2019-02-25,106.1,86.67,"11,230,700",2.67,14.85
2019-02-26,105.29,86.01,"15,465,400",2.64,15.17
2019-02-27,105.16,85.91,"9,968,800",2.69,14.7
2019-02-28,104.36,85.25,"15,156,900",2.73,14.78
2019-03-01,104.43,85.31,"13,813,300",2.76,13.57
2019-03-04,104.19,85.11,"12,466,300",2.72,14.63
2019-03-05,104.11,85.05,"10,856,600",2.72,14.74
2019-03-06,103.72,84.73,"9,070,800",2.69,15.74
2019-03-07,102.97,84.12,"12,705,700",2.64,16.59
2019-03-08,103.01,84.15,"10,582,400",2.62,16.05
2019-03-11,104.35,85.24,"9,763,200",2.64,14.33
2019-03-12,104.04,84.99,"10,219,100",2.61,13.77
2019-03-13,104.39,85.28,"13,022,200",2.61,13.41
2019-03-14,105.34,86.05,"10,926,500",2.63,13.5
2019-03-15,106.55,87.04,"24,811,700",2.59,12.88
2019-03-18,107.19,87.56,"12,935,500",2.6,13.1
2019-03-19,106.8,87.25,"12,889,300",2.61,13.56
2019-03-20,104.52,85.38,"14,920,700",2.54,13.91
2019-03-21,102.87,84.04,"19,751,000",2.54,13.63
2019-03-22,99.76,81.5,"31,115,200",2.44,16.48
2019-03-25,98.93,80.82,"21,032,300",2.43,16.33
2019-03-26,99.92,81.63,"15,987,100",2.41,14.68
2019-03-27,99.58,81.35,"12,753,200",2.39,15.15
2019-03-28,100.71,82.27,"12,454,100",2.39,14.43
2019-03-29,101.23,82.7,"14,523,400",2.41,13.71
2019-04-01,104.64,85.48,"17,499,300",2.49,13.4
2019-04-02,105.14,85.89,"10,295,400",2.48,13.36
2019-04-03,105.35,86.06,"11,499,200",2.52,13.74
2019-04-04,105.56,86.89,"11,952,100",2.51,13.58
2019-04-05,105.31,86.69,"9,933,700",2.5,12.82
2019-04-08,105.65,86.97,"8,056,300",2.52,13.18
2019-04-09,104.87,86.33,"9,092,200",2.51,14.28
2019-04-10,105.34,86.71,"10,882,300",2.48,13.3
2019-04-11,106.23,87.44,"11,183,800",2.51,13.02
2019-04-12,111.21,91.54,"25,834,100",2.56,12.01
2019-04-15,109.94,90.5,"15,163,800",2.55,12.32
2019-04-16,111.1,91.45,"11,583,200",2.6,12.18
2019-04-17,114.3,94.09,"17,791,900",2.59,12.6
2019-04-18,113.46,93.4,"12,501,900",2.57,12.09
2019-04-22,113.6,93.51,"7,975,900",2.59,12.42
2019-04-23,113.74,93.63,"9,193,100",2.57,12.28
2019-04-24,113.55,93.47,"9,245,700",2.53,13.14
2019-04-25,113.61,93.52,"9,311,800",2.54,13.25
2019-04-26,114.47,94.23,"7,889,300",2.51,12.73
2019-04-29,116.12,95.59,"14,242,200",2.54,13.11
2019-04-30,116.05,95.53,"11,389,100",2.51,13.12
2019-05-01,115.16,94.8,"10,412,900",2.52,14.8
2019-05-02,115.41,95.0,"8,613,300",2.55,14.42
2019-05-03,116.12,95.59,"8,185,400",2.54,12.87
2019-05-06,115.09,94.74,"9,387,000",2.51,15.44
2019-05-07,113.21,93.19,"15,017,700",2.45,19.32
2019-05-08,112.61,92.7,"9,575,800",2.49,19.4
2019-05-09,112.52,92.62,"12,205,900",2.45,19.1
2019-05-10,112.51,92.61,"13,189,000",2.47,16.04
2019-05-13,109.45,90.1,"13,783,700",2.4,20.55
2019-05-14,110.32,90.81,"10,503,600",2.42,18.06
2019-05-15,109.9,90.47,"10,142,000",2.37,16.44
2019-05-16,111.31,91.63,"9,672,700",2.4,15.29
2019-05-17,110.77,91.18,"9,570,100",2.39,15.96
2019-05-20,111.35,91.66,"8,518,200",2.41,16.31
2019-05-21,111.73,91.97,"7,967,900",2.43,14.95
2019-05-22,110.82,91.22,"7,918,900",2.39,14.75
2019-05-23,108.64,89.43,"14,558,000",2.31,16.92
2019-05-24,109.71,90.31,"8,537,300",2.32,15.85
2019-05-28,108.52,89.33,"11,665,500",2.26,17.5
2019-05-29,108.22,89.08,"9,966,400",2.25,17.9
2019-05-30,107.06,88.13,"10,367,800",2.22,17.3
2019-05-31,105.96,87.22,"10,952,800",2.14,18.71
2019-06-03,106.46,87.63,"11,680,700",2.07,18.86
2019-06-04,109.74,90.33,"12,858,600",2.12,16.97
2019-06-05,110.13,90.65,"8,340,500",2.12,16.09
2019-06-06,110.37,90.85,"8,726,700",2.12,15.93
2019-06-07,109.16,89.86,"10,618,900",2.09,16.3
2019-06-10,110.34,90.83,"11,380,600",2.15,15.94
2019-06-11,110.68,91.11,"9,847,700",2.15,15.99
2019-06-12,109.27,89.95,"9,670,500",2.13,15.91
2019-06-13,109.54,90.17,"8,406,900",2.1,15.82
2019-06-14,109.82,90.4,"9,077,400",2.09,15.28
2019-06-17,109.22,89.91,"8,128,600",2.09,15.35
2019-06-18,110.71,91.13,"11,057,300",2.06,15.15
2019-06-19,109.91,90.47,"13,126,500",2.03,14.33
2019-06-20,110.19,90.7,"13,638,000",2.01,14.75
2019-06-21,109.44,90.09,"27,089,500",2.07,15.4
2019-06-24,108.66,89.44,"13,039,600",2.02,15.26
2019-06-25,107.76,88.7,"18,660,100",2.0,16.28
2019-06-26,108.48,89.3,"10,324,600",2.05,16.21
2019-06-27,108.84,89.59,"10,906,600",2.01,15.82
2019-06-28,111.8,92.03,"21,634,700",2.0,15.08
2019-07-01,113.68,93.58,"12,724,500",2.03,14.06
2019-07-02,113.8,93.68,"10,174,900",1.98,12.93
2019-07-03,112.82,93.53,"6,849,400",1.96,12.57
2019-07-05,113.49,94.08,"7,929,400",2.04,13.28
2019-07-08,112.87,93.57,"6,917,200",2.05,13.96
2019-07-09,113.35,93.97,"8,947,300",2.07,14.09
2019-07-10,113.02,93.69,"9,242,300",2.07,13.03
2019-07-11,114.1,94.59,"11,595,200",2.13,12.93
2019-07-12,115.3,95.58,"10,783,400",2.12,12.39
2019-07-15,113.9,94.42,"12,946,600",2.09,12.68
2019-07-16,115.12,95.43,"16,945,000",2.13,12.86
2019-07-17,113.99,94.5,"13,120,900",2.06,13.97
2019-07-18,114.67,95.06,"9,397,200",2.04,13.53
2019-07-19,113.54,94.12,"10,402,800",2.05,14.45
2019-07-22,114.27,94.73,"9,061,100",2.05,13.53
2019-07-23,116.36,96.46,"12,752,200",2.08,12.61
2019-07-24,116.83,96.85,"10,011,000",2.05,12.07
2019-07-25,115.71,95.92,"10,138,400",2.08,12.74
2019-07-26,116.22,96.35,"12,800,400",2.08,12.16
2019-07-29,115.85,96.04,"8,500,400",2.06,12.83
2019-07-30,115.59,95.82,"7,121,100",2.06,13.94
2019-07-31,116.0,96.16,"13,648,000",2.02,16.12
2019-08-01,112.94,93.63,"15,664,500",1.9,17.87
2019-08-02,112.93,93.62,"11,025,500",1.86,17.61
2019-08-05,109.57,90.83,"15,855,300",1.75,24.59
2019-08-06,110.43,91.55,"10,203,500",1.73,20.17
2019-08-07,108.03,89.56,"17,320,900",1.71,19.49
2019-08-08,109.86,91.07,"10,903,300",1.72,16.91
2019-08-09,109.74,90.97,"9,980,800",1.74,17.97
2019-08-12,107.68,89.27,"9,393,700",1.65,21.09
2019-08-13,109.34,90.64,"12,124,700",1.68,17.52
2019-08-14,104.8,86.88,"19,491,800",1.59,22.1
2019-08-15,105.2,87.21,"13,365,600",1.52,21.18
2019-08-16,107.72,89.3,"11,830,600",1.55,18.47
2019-08-19,108.69,90.1,"8,265,400",1.6,16.88
2019-08-20,107.31,88.96,"8,374,000",1.55,17.5
2019-08-21,107.61,89.21,"8,189,300",1.59,15.8
2019-08-22,108.72,90.13,"9,343,400",1.62,16.68
2019-08-23,106.02,87.89,"14,762,300",1.52,19.87
2019-08-26,106.87,88.59,"8,209,500",1.54,19.32
2019-08-27,105.74,87.66,"14,331,800",1.49,20.31
2019-08-28,106.8,88.54,"10,585,500",1.47,19.35
2019-08-29,109.22,90.54,"10,002,200",1.5,17.88
2019-08-30,109.86,91.07,"10,170,300",1.5,18.98
2019-09-03,108.56,90.0,"9,868,800",1.47,19.66
2019-09-04,109.87,91.08,"6,929,200",1.47,17.33
2019-09-05,112.37,93.15,"13,224,700",1.57,16.27
2019-09-06,112.61,93.35,"7,836,600",1.55,15.0
2019-09-09,115.4,95.67,"13,985,100",1.63,15.27
2019-09-10,116.87,96.88,"14,333,100",1.72,15.2
2019-09-11,117.19,97.15,"9,919,200",1.75,14.61
2019-09-12,117.91,97.75,"12,283,500",1.79,14.22
2019-09-13,120.23,99.67,"16,257,200",1.9,13.74
2019-09-16,119.16,98.78,"11,993,900",1.84,14.67
2019-09-17,118.57,98.29,"10,735,400",1.81,14.44
2019-09-18,119.76,99.28,"10,665,600",1.8,13.95
2019-09-19,119.38,98.96,"9,382,600",1.79,14.05
2019-09-20,118.9,98.57,"21,862,800",1.74,15.32
2019-09-23,118.88,98.55,"9,135,100",1.72,14.91
2019-09-24,117.33,97.27,"11,696,500",1.64,17.05
2019-09-25,118.0,97.82,"9,389,400",1.73,15.96
2019-09-26,117.03,97.02,"9,899,200",1.7,16.07
2019-09-27,117.72,97.59,"10,207,800",1.69,17.22
2019-09-30,117.69,97.56,"9,755,000",1.68,16.24
2019-10-01,115.55,95.79,"11,250,300",1.65,18.56
2019-10-02,113.25,93.88,"12,548,700",1.6,20.56
2019-10-03,112.19,93.75,"12,735,200",1.54,19.12
2019-10-04,114.62,95.78,"9,453,100",1.52,17.04
2019-10-07,114.37,95.57,"6,771,600",1.56,17.86
2019-10-08,111.82,93.44,"10,806,300",1.54,20.28
2019-10-09,112.63,94.12,"7,273,700",1.59,18.64
2019-10-10,114.21,95.44,"10,994,100",1.67,17.57
2019-10-11,116.14,97.05,"15,076,500",1.76,15.58
2019-10-14,116.45,97.31,"8,779,000",1.76,14.57
2019-10-15,119.96,100.24,"23,379,000",1.77,13.54
2019-10-16,119.68,100.01,"11,087,700",1.75,13.68
2019-10-17,120.35,100.57,"10,818,500",1.76,13.79
2019-10-18,120.56,100.74,"10,417,400",1.76,14.25
2019-10-21,123.55,103.24,"12,714,600",1.8,14.0
2019-10-22,124.79,104.28,"12,549,100",1.78,14.46
2019-10-23,125.12,104.55,"8,828,300",1.77,14.01
2019-10-24,125.03,104.48,"8,020,500",1.77,13.71
2019-10-25,126.03,105.31,"9,055,700",1.8,12.65
2019-10-28,126.51,105.72,"9,522,200",1.85,13.11
2019-10-29,126.43,105.65,"9,797,300",1.84,13.2
2019-10-30,125.73,105.06,"8,513,700",1.78,12.33
2019-10-31,124.92,104.39,"11,589,100",1.69,13.22
2019-11-01,127.8,106.79,"11,682,600",1.73,12.3
2019-11-04,128.82,107.65,"9,159,900",1.79,12.83
2019-11-05,129.1,107.88,"13,747,600",1.86,13.1
2019-11-06,129.3,108.05,"11,231,100",1.81,12.62
2019-11-07,130.0,108.63,"13,528,900",1.92,12.73
2019-11-08,130.38,108.95,"9,293,400",1.94,12.07
2019-11-11,129.92,108.57,"8,679,000",1.94,12.69
2019-11-12,129.16,107.93,"9,099,000",1.92,12.68
2019-11-13,128.48,107.36,"8,023,300",1.88,13.0
2019-11-14,128.6,107.46,"8,483,400",1.82,13.05
2019-11-15,129.53,108.24,"10,163,600",1.84,12.05
2019-11-18,130.62,109.15,"8,749,300",1.81,12.46
2019-11-19,130.58,109.12,"8,824,500",1.79,12.86
2019-11-20,129.63,108.32,"11,782,800",1.73,12.78
2019-11-21,129.93,108.57,"7,705,500",1.77,13.13
2019-11-22,130.79,109.29,"8,167,900",1.77,12.34
2019-11-25,131.49,109.88,"10,068,500",1.76,11.87
2019-11-26,131.67,110.03,"10,490,700",1.74,11.54
2019-11-27,132.06,110.35,"6,607,900",1.77,11.75
2019-11-29,131.76,110.1,"5,712,000",1.78,12.62
2019-12-02,131.47,109.86,"8,615,600",1.83,14.91
2019-12-03,129.78,108.45,"10,361,300",1.72,15.96
2019-12-04,132.34,110.59,"10,318,200",1.77,14.8
2019-12-05,133.06,111.19,"9,587,400",1.8,14.52
2019-12-06,135.04,112.84,"10,170,600",1.84,13.62
2019-12-09,134.41,112.32,"8,498,200",1.83,15.86
2019-12-10,134.5,112.39,"7,532,900",1.85,15.68
2019-12-11,134.18,112.12,"9,011,900",1.79,14.99
2019-12-12,138.02,115.33,"13,717,400",1.9,13.94
2019-12-13,136.81,114.32,"10,592,100",1.82,12.63
2019-12-16,137.34,114.77,"11,372,000",1.89,12.14
2019-12-17,138.18,115.47,"11,546,800",1.89,12.29
2019-12-18,138.04,115.35,"10,381,500",1.92,12.58
2019-12-19,137.35,114.77,"9,350,400",1.92,12.5
2019-12-20,137.24,114.68,"29,992,600",1.92,12.51
2019-12-23,137.2,114.65,"9,738,400",1.93,12.61
2019-12-24,137.58,114.97,"3,324,300",1.9,12.67
2019-12-26,139.04,116.19,"6,770,900",1.9,12.65
2019-12-27,139.14,116.27,"7,868,200",1.88,13.43
2019-12-30,138.63,115.84,"6,963,000",1.9,14.82
2019-12-31,139.4,116.49,"7,201,600",1.92,13.78
2020-01-02,141.09,117.9,"10,803,700",1.88,12.47
2020-01-03,138.34,116.34,"10,386,800",1.8,14.02
2020-01-06,138.23,116.25,"10,259,000",1.81,13.85
2020-01-07,135.88,114.27,"10,531,300",1.83,13.79
2020-01-08,136.94,115.17,"9,695,300",1.87,13.45
2020-01-09,137.44,115.59,"9,469,000",1.85,12.54
2020-01-10,136.07,114.43,"10,190,900",1.83,12.56
2020-01-13,137.2,115.38,"12,355,200",1.85,12.32
2020-01-14,138.8,116.73,"24,906,000",1.82,12.39
2020-01-15,136.72,114.98,"16,293,400",1.79,12.42
2020-01-16,137.25,115.43,"10,783,800",1.81,12.32
2020-01-17,138.2,116.23,"14,697,700",1.84,12.1
2020-01-21,136.84,115.08,"8,474,200",1.78,12.85
2020-01-22,136.68,114.95,"7,549,100",1.77,12.91
2020-01-23,136.54,114.83,"9,345,700",1.74,12.98
2020-01-24,133.15,111.98,"15,166,400",1.7,14.56
2020-01-27,132.03,111.04,"12,860,500",1.61,18.23
2020-01-28,134.43,113.06,"13,062,800",1.65,16.28
2020-01-29,134.23,112.89,"9,326,000",1.6,16.39
2020-01-30,135.89,114.28,"9,048,900",1.57,15.49
2020-01-31,132.36,111.31,"12,785,200",1.51,18.84
2020-02-03,133.37,112.16,"10,021,100",1.54,17.97
2020-02-04,135.29,113.78,"9,157,100",1.61,16.05
2020-02-05,137.59,115.71,"10,150,700",1.66,15.15
2020-02-06,137.61,115.73,"8,992,300",1.65,14.96
2020-02-07,137.17,115.36,"6,379,800",1.59,15.47
2020-02-10,137.74,115.84,"5,960,700",1.56,15.04
2020-02-11,138.0,116.06,"6,578,600",1.59,15.18
2020-02-12,138.0,116.06,"7,958,000",1.62,13.74
2020-02-13,137.88,115.96,"7,447,500",1.61,14.15
2020-02-14,137.46,115.6,"6,627,600",1.59,13.68
2020-02-18,135.64,114.07,"8,996,400",1.55,14.83
2020-02-19,137.49,115.63,"7,071,200",1.56,14.38
2020-02-20,137.49,115.63,"7,422,800",1.52,15.56
2020-02-21,135.81,114.22,"9,772,800",1.46,17.08
2020-02-24,132.16,111.15,"13,618,400",1.38,25.03
2020-02-25,126.26,106.18,"20,797,200",1.33,27.85
2020-02-26,126.64,106.5,"24,825,600",1.33,27.56
2020-02-27,121.37,102.07,"23,005,500",1.3,39.16
2020-02-28,116.11,97.65,"45,931,400",1.13,40.11
2020-03-02,121.52,102.2,"27,355,400",1.1,33.42
2020-03-03,116.96,98.36,"32,547,700",1.02,36.82
2020-03-04,119.85,100.79,"25,795,900",1.02,31.99
2020-03-05,113.97,95.85,"25,025,600",0.92,39.62
2020-03-06,108.08,90.89,"38,159,400",0.74,41.94
2020-03-09,93.44,78.58,"40,352,000",0.54,54.46
2020-03-10,100.7,84.69,"31,102,700",0.76,47.3
2020-03-11,95.96,80.7,"38,127,000",0.82,53.9
2020-03-12,88.05,74.05,"49,725,200",0.88,75.47
2020-03-13,103.91,87.39,"38,543,300",0.94,57.83
2020-03-16,88.36,74.31,"38,589,700",0.73,82.69
2020-03-17,93.76,78.85,"35,239,800",1.02,75.91
2020-03-18,83.89,70.55,"41,525,600",1.18,76.45
2020-03-19,85.3,71.74,"32,175,100",1.12,72.0
2020-03-20,83.5,70.22,"30,150,800",0.92,66.04
2020-03-23,79.03,66.46,"32,536,600",0.76,61.59
2020-03-24,88.43,74.37,"34,363,200",0.84,61.67
2020-03-25,91.73,77.14,"38,111,700",0.88,63.95
2020-03-26,98.12,82.52,"29,826,300",0.83,61.0
2020-03-27,91.13,76.64,"30,041,500",0.72,65.54
2020-03-30,93.5,78.63,"21,656,900",0.7,57.08
2020-03-31,90.03,75.71,"23,379,300",0.7,53.54
2020-04-01,84.36,70.95,"28,029,600",0.62,57.06
2020-04-02,87.51,73.6,"24,018,000",0.63,50.91
2020-04-03,84.05,71.42,"21,199,400",0.62,46.8
2020-04-06,89.46,76.02,"26,820,800",0.67,45.24
2020-04-07,90.64,77.02,"22,563,800",0.75,46.7
2020-04-08,94.3,80.13,"22,903,300",0.77,43.35
2020-04-09,102.76,87.32,"42,055,900",0.73,41.67
2020-04-13,98.19,83.44,"26,911,900",0.76,41.17
2020-04-14,95.5,81.15,"46,151,300",0.76,37.76
2020-04-15,90.79,77.15,"30,118,600",0.63,40.84
2020-04-16,87.33,74.21,"32,449,600",0.61,40.11
2020-04-17,95.18,80.88,"30,191,900",0.65,38.15
2020-04-20,91.71,77.93,"23,679,400",0.63,43.83
2020-04-21,89.05,75.67,"23,035,000",0.58,45.41
2020-04-22,89.34,75.92,"16,662,400",0.63,41.98
2020-04-23,89.39,75.96,"16,638,800",0.61,41.38
2020-04-24,90.71,77.08,"15,809,200",0.6,35.93
2020-04-27,94.62,80.4,"22,870,200",0.67,33.29
2020-04-28,95.29,80.97,"20,238,900",0.62,33.57
2020-04-29,97.86,83.16,"20,462,600",0.63,31.23
2020-04-30,95.76,81.37,"19,127,600",0.64,34.15
2020-05-01,93.25,79.24,"18,547,700",0.64,37.19
2020-05-04,92.14,78.29,"15,725,900",0.64,35.97
2020-05-05,92.0,78.18,"18,064,100",0.66,33.61
2020-05-06,90.27,76.71,"20,978,000",0.72,34.12
2020-05-07,91.21,77.5,"16,771,900",0.63,31.44
2020-05-08,92.7,78.77,"20,487,800",0.69,27.98
2020-05-11,89.97,76.45,"31,907,600",0.73,27.57
2020-05-12,87.03,73.95,"27,962,900",0.69,33.04
2020-05-13,84.03,71.4,"35,451,600",0.64,35.28
2020-05-14,87.52,74.37,"35,152,500",0.63,32.61
2020-05-15,85.9,72.99,"26,099,000",0.64,31.89
2020-05-18,90.45,76.86,"30,504,400",0.73,29.3
2020-05-19,88.67,75.35,"19,597,300",0.7,30.53
2020-05-20,91.33,77.61,"20,552,400",0.68,27.99
2020-05-21,90.17,76.62,"14,621,400",0.68,29.53
2020-05-22,89.47,76.03,"13,557,900",0.66,28.16
2020-05-26,95.82,81.42,"41,233,900",0.69,28.01
2020-05-27,101.37,86.14,"39,402,000",0.68,27.62
2020-05-28,99.86,84.85,"24,713,900",0.7,28.59
2020-05-29,97.31,82.69,"26,526,400",0.65,27.51
2020-06-01,98.6,83.78,"15,176,800",0.66,28.23
2020-06-02,98.93,84.06,"21,195,000",0.68,26.84
2020-06-03,104.27,88.6,"25,941,100",0.77,25.66
2020-06-04,106.44,90.45,"26,784,700",0.82,25.81
2020-06-05,111.23,94.52,"42,231,000",0.91,24.52
2020-06-08,113.45,96.4,"24,881,800",0.88,25.81
2020-06-09,110.54,93.93,"17,031,100",0.84,27.57
2020-06-10,106.06,90.12,"24,913,300",0.75,27.57
2020-06-11,97.21,82.6,"36,259,200",0.66,40.79
2020-06-12,99.87,84.86,"24,856,800",0.71,36.09
2020-06-15,101.25,86.04,"22,153,600",0.71,34.4
2020-06-16,102.06,86.72,"22,193,600",0.75,33.67
2020-06-17,99.48,84.53,"15,639,800",0.74,33.47
2020-06-18,98.94,84.07,"16,591,900",0.71,32.94
2020-06-19,97.81,83.11,"40,371,200",0.7,35.12
2020-06-22,96.75,82.21,"16,216,900",0.71,31.77
2020-06-23,97.93,83.21,"15,381,400",0.72,31.37
2020-06-24,94.66,80.44,"22,919,800",0.69,33.84
2020-06-25,97.96,83.24,"25,743,600",0.68,32.22
2020-06-26,92.59,78.68,"41,896,300",0.64,34.73
2020-06-29,93.0,79.03,"18,499,700",0.64,31.78
2020-06-30,94.06,79.93,"19,137,000",0.66,30.43
2020-07-01,93.26,79.25,"18,755,700",0.69,28.62
2020-07-02,92.66,79.5,"27,845,600",0.68,27.68
2020-07-06,95.0,81.51,"18,625,300",0.69,27.94
2020-07-07,92.32,79.21,"25,757,200",0.65,29.43
2020-07-08,93.3,80.05,"18,762,200",0.67,28.08
2020-07-09,91.28,78.32,"25,600,800",0.62,29.26
2020-07-10,96.27,82.6,"28,954,200",0.65,27.29
2020-07-13,97.65,83.79,"32,079,200",0.64,32.19
2020-07-14,98.21,84.27,"42,731,700",0.63,29.52
2020-07-15,99.73,85.57,"22,508,400",0.64,27.76
2020-07-16,100.01,85.81,"16,886,900",0.62,28.0
2020-07-17,98.16,84.22,"16,137,700",0.64,25.68
2020-07-20,97.3,83.48,"14,458,100",0.62,24.46
2020-07-21,99.41,85.3,"17,798,100",0.61,24.84
2020-07-22,98.69,84.68,"14,271,200",0.6,24.32
2020-07-23,98.98,84.93,"12,870,200",0.59,26.08
2020-07-24,98.28,84.33,"12,744,200",0.59,25.84
2020-07-27,96.9,83.14,"11,959,100",0.62,24.74
2020-07-28,97.32,83.5,"11,754,300",0.59,25.44
2020-07-29,99.68,85.53,"12,743,500",0.58,24.1
2020-07-30,97.02,83.24,"14,834,800",0.55,24.76
2020-07-31,96.64,82.92,"14,535,000",0.55,24.46
2020-08-03,96.1,82.46,"12,962,800",0.56,24.28
2020-08-04,95.55,81.98,"13,366,200",0.52,23.76
2020-08-05,97.21,83.41,"15,260,900",0.55,22.99
2020-08-06,97.24,83.43,"10,482,100",0.55,22.65
2020-08-07,99.38,85.27,"14,743,700",0.57,22.21
2020-08-10,100.64,86.35,"14,989,900",0.59,22.13
2020-08-11,103.82,89.08,"31,518,600",0.64,24.03
2020-08-12,102.94,88.32,"19,240,800",0.69,22.28
2020-08-13,102.37,87.84,"13,598,600",0.71,22.13
2020-08-14,102.41,87.87,"12,134,400",0.71,22.05
2020-08-17,99.71,85.55,"14,988,000",0.69,21.35
2020-08-18,98.32,84.36,"13,246,500",0.67,21.51
2020-08-19,98.55,84.56,"13,533,000",0.68,22.54
2020-08-20,97.37,83.54,"13,672,600",0.65,22.72
2020-08-21,97.32,83.5,"12,228,300",0.64,22.54
2020-08-24,100.06,85.85,"17,898,300",0.65,22.37
2020-08-25,100.5,86.23,"13,648,900",0.69,22.03
2020-08-26,99.09,85.02,"12,052,400",0.69,23.27
2020-08-27,102.35,87.82,"22,163,900",0.74,24.47
2020-08-28,102.77,88.18,"13,756,700",0.74,22.96
2020-08-31,100.19,85.96,"14,219,400",0.72,26.41
2020-09-01,100.14,85.92,"11,595,600",0.68,26.12
2020-09-02,101.65,87.22,"14,475,700",0.66,26.57
2020-09-03,101.33,86.94,"23,281,200",0.63,33.6
2020-09-04,103.52,88.82,"26,325,500",0.72,30.75
2020-09-08,99.92,85.73,"22,108,600",0.69,31.46
2020-09-09,100.87,86.55,"13,434,000",0.71,28.81
2020-09-10,99.83,85.66,"15,922,800",0.68,29.71
2020-09-11,101.07,86.72,"13,784,300",0.67,26.87
2020-09-14,102.47,87.92,"19,017,400",0.68,25.85
2020-09-15,99.28,85.18,"23,683,000",0.68,25.59
2020-09-16,99.7,85.54,"19,270,600",0.69,26.04
2020-09-17,98.56,84.57,"18,290,100",0.69,26.46
2020-09-18,98.35,84.39,"20,121,600",0.7,25.83
2020-09-21,95.31,81.78,"28,378,800",0.68,27.78
2020-09-22,94.27,80.89,"19,257,000",0.68,26.86
2020-09-23,92.74,79.57,"19,952,700",0.68,28.58
2020-09-24,92.66,79.5,"18,366,500",0.67,28.51
2020-09-25,93.47,80.2,"13,293,100",0.66,26.38
2020-09-28,96.16,82.51,"20,894,100",0.67,26.19
2020-09-29,95.35,81.81,"12,848,200",0.66,26.27
2020-09-30,96.27,82.6,"16,400,600",0.69,26.37
2020-10-01,96.97,83.2,"15,778,700",0.68,26.7
2020-10-02,97.89,83.99,"15,149,600",0.7,27.63
2020-10-05,99.04,85.77,"13,871,900",0.78,27.96
2020-10-06,98.02,84.88,"19,220,400",0.76,29.48
2020-10-07,99.73,86.36,"16,358,500",0.81,28.06
2020-10-08,101.78,88.14,"15,659,000",0.78,26.36
2020-10-09,101.2,87.64,"13,689,100",0.79,25.0
2020-10-12,102.44,88.71,"16,058,000",0.79,25.07
2020-10-13,100.78,87.27,"21,697,300",0.74,26.07
2020-10-14,100.22,86.79,"15,204,100",0.73,26.4
2020-10-15,101.72,88.09,"17,171,200",0.74,26.97
2020-10-16,101.51,87.91,"13,275,000",0.76,27.41
2020-10-19,99.8,86.42,"11,725,700",0.78,29.18
2020-10-20,100.37,86.92,"11,257,100",0.81,29.35
2020-10-21,99.37,86.05,"10,730,500",0.83,28.65
2020-10-22,102.88,89.09,"14,837,200",0.87,28.11
2020-10-23,103.81,89.9,"15,087,600",0.85,27.55
2020-10-26,101.24,87.67,"12,410,700",0.81,32.46
2020-10-27,99.33,86.02,"10,391,700",0.79,33.35
2020-10-28,96.54,83.6,"16,389,500",0.79,40.28
2020-10-29,97.17,84.15,"14,208,800",0.85,37.59
2020-10-30,98.04,84.9,"15,194,500",0.88,38.02
2020-11-02,100.25,86.81,"15,011,600",0.87,37.13
2020-11-03,103.41,89.55,"17,482,600",0.9,35.55
2020-11-04,100.25,86.81,"18,886,500",0.78,29.57
2020-11-05,104.35,90.36,"17,837,400",0.79,27.58
2020-11-06,102.96,89.16,"12,552,800",0.83,24.86
2020-11-09,116.9,101.23,"47,792,400",0.96,25.75
2020-11-10,116.52,100.9,"20,539,300",0.98,24.8
2020-11-11,114.78,99.4,"14,443,400",0.98,23.45
2020-11-12,113.37,98.18,"22,063,000",0.88,25.35
2020-11-13,114.08,98.79,"11,847,900",0.89,23.1
2020-11-16,117.3,101.58,"19,858,600",0.91,22.45
2020-11-17,116.11,100.55,"14,553,200",0.87,22.71
2020-11-18,115.25,99.8,"12,571,200",0.88,23.84
2020-11-19,115.56,100.07,"10,202,500",0.86,23.11
2020-11-20,114.57,99.21,"12,718,900",0.83,23.7
2020-11-23,117.87,102.07,"13,209,200",0.86,22.66
2020-11-24,123.32,106.79,"20,121,600",0.88,21.64
2020-11-25,122.03,105.68,"11,715,600",0.88,21.25
2020-11-27,121.22,104.97,"5,983,600",0.84,20.84
2020-11-30,117.88,102.08,"14,411,800",0.84,20.57
2020-12-01,119.74,103.69,"12,668,900",0.92,20.77
2020-12-02,122.04,105.68,"10,811,300",0.95,21.17
2020-12-03,121.24,104.99,"12,904,400",0.92,21.28
2020-12-04,122.34,105.94,"13,583,700",0.97,20.79
2020-12-07,121.88,105.55,"9,724,300",0.94,21.3
2020-12-08,122.0,105.65,"9,592,100",0.92,20.68
2020-12-09,121.05,104.83,"13,073,900",0.95,22.27
2020-12-10,120.27,104.15,"13,668,400",0.92,22.52
2020-12-11,119.56,103.54,"9,981,600",0.9,23.31
2020-12-14,118.3,102.45,"12,112,400",0.9,24.72
2020-12-15,120.32,104.19,"12,590,200",0.92,22.89
2020-12-16,120.67,104.5,"11,169,400",0.92,22.5
2020-12-17,119.67,103.63,"11,618,000",0.94,21.93
2020-12-18,119.08,103.12,"28,954,800",0.95,21.57
2020-12-21,123.55,106.99,"28,323,600",0.95,25.16
2020-12-22,121.67,105.36,"11,788,200",0.93,24.23
2020-12-23,125.07,108.31,"14,973,200",0.96,23.31
2020-12-24,124.52,107.83,"4,164,900",0.94,21.53
2020-12-28,125.34,108.54,"8,072,600",0.94,21.7
2020-12-29,125.01,108.26,"8,389,200",0.94,23.08
2020-12-30,125.36,108.56,"7,398,000",0.93,22.77
2020-12-31,127.07,110.04,"8,580,200",0.93,22.75
2021-01-04,125.87,109.0,"16,819,900",0.93,26.97
2021-01-05,125.65,109.59,"13,731,200",0.96,25.34
2021-01-06,131.55,114.74,"24,909,100",1.04,25.07
2021-01-07,135.87,118.51,"21,940,400",1.08,22.37
2021-01-08,136.02,118.64,"12,035,100",1.13,21.56
2021-01-11,138.05,120.41,"15,937,900",1.15,24.08
2021-01-12,140.22,122.3,"18,033,500",1.15,23.33
2021-01-13,140.35,122.42,"14,816,800",1.1,22.21
2021-01-14,141.17,123.13,"18,565,600",1.15,23.25
2021-01-15,138.64,120.92,"27,881,000",1.11,24.34
2021-01-19,138.04,120.4,"19,843,800",1.1,23.24
2021-01-20,135.97,118.59,"16,028,800",1.1,21.58
2021-01-21,134.83,117.6,"13,411,700",1.12,21.32
2021-01-22,133.79,116.69,"12,933,200",1.1,21.91
2021-01-25,132.12,115.24,"14,212,800",1.05,23.19
2021-01-26,131.58,114.77,"11,307,800",1.05,23.02
2021-01-27,127.86,111.52,"17,603,900",1.04,37.21
2021-01-28,130.11,113.48,"13,761,800",1.07,30.21
2021-01-29,128.67,112.23,"14,808,100",1.11,33.09
2021-02-01,129.62,113.06,"11,080,700",1.09,30.24
2021-02-02,133.61,116.54,"12,253,600",1.12,25.56
2021-02-03,135.14,117.87,"10,600,800",1.15,22.91
2021-02-04,138.25,120.58,"12,419,500",1.15,21.77
2021-02-05,137.98,120.35,"10,051,300",1.19,20.87
2021-02-08,140.14,122.23,"10,136,400",1.19,21.24
2021-02-09,139.58,121.74,"8,614,800",1.18,21.63
2021-02-10,139.66,121.81,"10,323,200",1.15,21.99
2021-02-11,139.27,121.47,"9,201,000",1.16,21.25
2021-02-12,141.25,123.2,"8,324,600",1.2,19.97
2021-02-16,144.65,126.17,"12,130,600",1.3,21.46
2021-02-17,145.1,126.56,"10,810,100",1.29,21.5
2021-02-18,145.59,126.99,"10,587,800",1.29,22.49
2021-02-19,148.02,129.11,"11,969,800",1.34,22.05
2021-02-22,149.41,130.32,"11,488,400",1.37,23.45
2021-02-23,150.61,131.36,"16,234,400",1.37,23.11
2021-02-24,153.26,133.68,"15,061,400",1.38,21.34
2021-02-25,151.18,131.86,"18,127,700",1.54,28.89
2021-02-26,147.17,128.36,"19,829,200",1.44,27.95
2021-03-01,150.5,131.27,"14,845,500",1.45,23.35
2021-03-02,150.01,130.84,"14,221,700",1.42,24.1
2021-03-03,152.91,133.37,"14,324,100",1.47,26.67
2021-03-04,150.56,131.32,"20,093,900",1.54,28.57
2021-03-05,150.91,131.63,"18,465,100",1.56,24.66
2021-03-08,152.91,133.37,"17,133,300",1.59,25.47
2021-03-09,151.83,132.43,"16,238,800",1.55,24.03
2021-03-10,155.13,135.31,"14,342,200",1.53,22.56
2021-03-11,154.32,134.6,"11,771,500",1.54,21.91
2021-03-12,156.15,136.2,"12,849,500",1.64,20.69
2021-03-15,155.37,135.52,"12,101,100",1.62,20.03
2021-03-16,153.51,133.89,"12,805,600",1.62,19.79
2021-03-17,155.09,135.27,"13,952,400",1.63,19.23
2021-03-18,157.65,137.5,"21,898,500",1.71,21.58
2021-03-19,155.14,135.32,"54,418,800",1.74,20.95
2021-03-22,150.97,131.68,"19,944,800",1.69,18.88
2021-03-23,149.46,130.36,"17,076,300",1.63,20.3
2021-03-24,150.62,131.37,"13,079,800",1.62,21.2
2021-03-25,152.55,133.06,"15,608,300",1.63,19.81
2021-03-26,155.09,135.27,"16,754,400",1.67,18.86
2021-03-29,152.68,133.17,"17,570,300",1.73,20.74
2021-03-30,154.48,134.74,"13,184,300",1.73,19.61
2021-03-31,152.23,132.78,"16,736,700",1.74,19.4
2021-04-01,153.71,134.07,"16,561,500",1.69,17.33
2021-04-05,153.62,134.78,"13,508,000",1.73,17.91
2021-04-06,152.54,133.83,"13,071,600",1.67,18.12
2021-04-07,154.93,135.93,"16,903,500",1.68,17.16
2021-04-08,155.12,136.09,"12,335,500",1.64,16.95
2021-04-09,156.28,137.11,"12,122,400",1.67,16.69
2021-04-12,155.95,136.82,"12,273,400",1.69,16.91
2021-04-13,154.09,135.19,"16,113,600",1.64,16.65
2021-04-14,151.21,132.66,"19,939,600",1.64,16.99
2021-04-15,152.17,133.51,"17,694,100",1.56,16.57
2021-04-16,153.3,134.5,"13,773,400",1.59,16.25
2021-04-19,152.65,133.93,"11,900,200",1.61,17.29
2021-04-20,149.27,130.96,"13,716,700",1.58,18.68
2021-04-21,150.54,132.08,"12,236,700",1.57,17.5
2021-04-22,147.37,129.3,"15,256,100",1.57,18.71
2021-04-23,150.19,131.77,"14,041,900",1.58,17.33
2021-04-26,150.56,132.09,"10,799,100",1.58,17.64
2021-04-27,151.25,132.7,"12,821,200",1.63,17.56
2021-04-28,152.23,133.56,"8,943,700",1.63,17.28
2021-04-29,155.19,136.16,"12,976,900",1.65,17.61
2021-04-30,153.81,134.95,"11,705,100",1.65,18.61
2021-05-03,153.36,134.55,"11,801,100",1.63,18.31
2021-05-04,155.48,136.41,"12,977,700",1.61,19.48
2021-05-05,157.52,138.2,"10,506,700",1.59,19.15
2021-05-06,160.69,140.98,"13,542,400",1.58,18.39
2021-05-07,161.24,141.46,"14,257,800",1.6,16.69
2021-05-10,161.22,141.45,"14,014,300",1.63,19.66
2021-05-11,158.54,139.1,"15,451,700",1.64,21.84
2021-05-12,157.45,138.14,"14,381,700",1.69,27.59
2021-05-13,161.5,141.69,"15,395,000",1.66,23.13
2021-05-14,164.01,143.89,"10,584,000",1.63,18.81
2021-05-17,164.67,144.47,"9,886,800",1.64,19.72
2021-05-18,162.35,142.44,"11,098,100",1.64,21.34
2021-05-19,161.11,141.35,"13,278,900",1.68,22.18
2021-05-20,160.83,141.1,"10,426,000",1.63,20.67
2021-05-21,162.66,142.71,"10,249,000",1.63,20.15
2021-05-24,163.54,143.48,"9,440,300",1.61,18.4
2021-05-25,161.85,142.0,"12,609,100",1.56,18.84
2021-05-26,161.83,141.98,"13,058,300",1.58,17.36
2021-05-27,164.35,144.19,"15,707,500",1.61,16.74
2021-05-28,164.24,144.1,"10,291,300",1.58,16.76
2021-06-01,166.05,145.68,"9,445,400",1.62,17.9
2021-06-02,166.06,145.69,"10,498,600",1.59,17.48
2021-06-03,166.17,145.79,"13,354,400",1.63,18.04
2021-06-04,166.44,146.03,"8,510,800",1.56,16.42
2021-06-07,165.66,145.34,"7,267,200",1.57,16.42
2021-06-08,165.0,144.76,"10,370,700",1.53,17.07
2021-06-09,162.94,142.96,"12,377,400",1.5,17.89
2021-06-10,160.4,140.73,"12,119,400",1.45,16.1
2021-06-11,160.29,140.63,"13,683,800",1.47,15.65
2021-06-14,157.57,138.24,"19,917,900",1.51,16.39
2021-06-15,155.18,136.15,"24,485,500",1.51,17.02
2021-06-16,156.27,137.1,"25,321,200",1.57,18.15
2021-06-17,151.76,133.15,"29,722,400",1.52,17.75
2021-06-18,147.92,129.78,"43,595,700",1.45,20.7
2021-06-21,150.43,131.98,"18,664,800",1.5,17.89
2021-06-22,150.21,131.79,"14,251,200",1.48,16.66
2021-06-23,151.12,132.59,"12,733,300",1.5,16.32
2021-06-24,152.51,133.8,"13,733,200",1.49,15.97
2021-06-25,154.05,135.16,"15,484,900",1.54,15.62
2021-06-28,154.33,135.4,"14,125,800",1.49,15.76
2021-06-29,154.14,135.23,"14,528,700",1.49,16.02
2021-06-30,155.54,136.46,"12,531,000",1.45,15.83
2021-07-01,157.08,137.81,"10,479,400",1.48,15.48
2021-07-02,156.03,137.68,"11,424,000",1.44,15.07
2021-07-06,153.41,135.37,"15,083,400",1.37,16.44
2021-07-07,153.59,135.53,"12,271,800",1.33,16.2
2021-07-08,150.94,133.19,"17,834,600",1.3,19.0
2021-07-09,155.77,137.45,"13,694,500",1.37,16.18
2021-07-12,158.0,139.42,"19,940,400",1.38,16.17
2021-07-13,155.65,137.35,"22,671,700",1.42,17.12
2021-07-14,155.12,136.88,"14,622,800",1.37,16.33
2021-07-15,155.46,137.18,"11,539,300",1.31,17.01
2021-07-16,151.91,134.05,"14,002,700",1.31,18.45
2021-07-19,146.97,129.69,"22,172,900",1.19,22.5
2021-07-20,149.71,132.11,"15,385,200",1.23,19.73
2021-07-21,152.86,134.88,"12,356,700",1.3,17.91
2021-07-22,150.93,133.18,"9,913,300",1.27,17.69
2021-07-23,150.64,132.93,"9,666,100",1.3,17.2
2021-07-26,151.65,133.82,"8,208,000",1.29,17.58
2021-07-27,151.45,133.64,"11,218,700",1.25,19.36
2021-07-28,151.7,133.86,"9,217,300",1.26,18.31
2021-07-29,153.0,135.01,"9,063,500",1.28,17.7
2021-07-30,151.78,133.93,"9,805,200",1.24,18.24
2021-08-02,151.17,133.39,"10,203,200",1.2,19.46
2021-08-03,152.89,134.91,"10,394,800",1.19,18.04
2021-08-04,151.24,133.46,"10,155,000",1.19,17.97
2021-08-05,153.15,135.14,"9,151,500",1.23,17.28
2021-08-06,157.5,138.98,"13,328,800",1.31,16.15
2021-08-09,157.33,138.83,"9,516,900",1.33,16.72
2021-08-10,159.26,140.53,"8,667,000",1.36,16.79
2021-08-11,161.16,142.21,"9,156,500",1.35,16.06
2021-08-12,161.79,142.76,"8,844,200",1.36,15.59
2021-08-13,159.98,141.17,"8,980,900",1.29,15.45
2021-08-16,158.93,140.24,"8,755,800",1.26,16.12
2021-08-17,157.01,138.55,"9,347,200",1.26,17.91
2021-08-18,155.58,137.28,"8,065,500",1.27,21.57
2021-08-19,154.28,136.14,"9,517,700",1.24,21.67
2021-08-20,154.72,136.53,"6,974,100",1.26,18.56
2021-08-23,156.7,138.27,"7,934,600",1.25,17.15
2021-08-24,157.67,139.13,"7,670,900",1.29,17.22
2021-08-25,160.92,142.0,"11,335,000",1.35,16.79
2021-08-26,161.75,142.73,"11,027,500",1.34,18.84
2021-08-27,163.05,143.88,"8,780,200",1.31,16.39
2021-08-30,160.44,141.57,"7,937,600",1.29,16.19
2021-08-31,159.95,141.14,"12,340,800",1.3,16.48
2021-09-01,159.72,140.94,"8,729,900",1.31,16.11
2021-09-02,160.46,141.59,"8,813,300",1.29,16.41
2021-09-03,159.49,140.74,"7,959,700",1.33,16.41
2021-09-07,159.21,140.49,"9,285,600",1.38,18.14
2021-09-08,158.5,139.86,"7,852,700",1.35,17.96
2021-09-09,159.19,140.47,"7,904,300",1.3,18.8
2021-09-10,157.36,138.86,"8,311,600",1.35,20.95
2021-09-13,159.86,141.06,"10,052,800",1.33,19.37
2021-09-14,157.07,138.6,"11,685,600",1.28,19.46
2021-09-15,158.16,139.56,"11,691,500",1.31,18.18
2021-09-16,158.09,139.5,"10,880,900",1.34,18.69
2021-09-17,157.68,139.14,"25,581,600",1.37,20.81
2021-09-20,152.96,134.97,"15,819,900",1.31,25.71
2021-09-21,152.98,134.99,"8,999,900",1.33,24.36
2021-09-22,155.91,137.58,"11,236,200",1.32,20.87
2021-09-23,161.18,142.23,"12,336,100",1.41,18.63
2021-09-24,163.04,143.87,"10,102,400",1.47,17.75
2021-09-27,166.98,147.34,"13,220,900",1.48,18.76
2021-09-28,166.08,146.55,"13,387,900",1.54,23.25
2021-09-29,165.95,146.44,"7,777,100",1.55,22.56
2021-09-30,163.69,144.44,"13,161,200",1.52,23.14
2021-10-01,167.13,147.48,"11,285,000",1.48,21.15
2021-10-04,166.95,147.32,"14,120,000",1.49,22.96
2021-10-05,168.66,149.72,"12,292,900",1.54,21.3
2021-10-06,169.02,150.04,"8,692,600",1.53,21.0
2021-10-07,170.09,150.99,"10,195,400",1.58,19.54
2021-10-08,170.22,151.11,"8,190,100",1.61,18.77
2021-10-11,166.64,147.93,"12,154,700",1.61,20.0
2021-10-12,165.36,146.79,"13,032,600",1.59,19.85
2021-10-13,161.0,142.92,"22,753,500",1.56,18.64
2021-10-14,163.47,145.12,"15,176,800",1.52,16.86
2021-10-15,166.61,147.9,"14,267,400",1.59,16.3
2021-10-18,166.55,147.85,"12,672,900",1.59,16.31
2021-10-19,168.57,149.64,"8,053,900",1.65,15.7
2021-10-20,170.84,151.66,"8,185,600",1.65,15.49
2021-10-21,169.5,150.47,"8,415,200",1.68,15.01
2021-10-22,171.78,152.49,"8,817,900",1.66,15.43
2021-10-25,170.94,151.75,"10,159,200",1.64,15.24
2021-10-26,171.4,152.16,"8,015,100",1.63,15.98
2021-10-27,167.83,148.99,"9,847,000",1.54,16.98
2021-10-28,170.36,151.23,"7,212,900",1.57,16.53
2021-10-29,169.89,150.82,"8,140,100",1.55,16.26
2021-11-01,169.8,150.74,"7,435,500",1.58,16.41
2021-11-02,170.47,151.33,"7,173,800",1.56,16.03
2021-11-03,170.53,151.38,"8,402,700",1.6,15.1
2021-11-04,168.29,149.39,"9,574,200",1.53,15.44
2021-11-05,168.05,149.18,"7,975,600",1.45,16.48
2021-11-08,169.06,150.08,"6,413,700",1.51,17.22
2021-11-09,167.78,148.94,"7,990,300",1.46,17.78
2021-11-10,167.62,148.8,"6,999,200",1.56,18.73
2021-11-11,167.61,148.79,"5,815,300",1.56,17.66
2021-11-12,166.86,148.13,"8,113,400",1.58,16.29
2021-11-15,166.56,147.86,"6,492,500",1.63,16.49
2021-11-16,165.36,146.79,"9,706,100",1.63,16.37
2021-11-17,164.47,146.0,"9,909,600",1.6,17.11
2021-11-18,163.05,144.74,"8,122,500",1.59,17.59
2021-11-19,160.92,142.85,"12,193,600",1.54,17.91
2021-11-22,164.35,145.9,"14,549,900",1.63,19.17
2021-11-23,168.28,149.39,"12,354,400",1.67,19.38
2021-11-24,166.96,148.21,"9,629,800",1.64,18.58
2021-11-26,161.93,143.75,"13,619,300",1.48,28.62
2021-11-29,161.23,143.13,"12,104,400",1.52,22.96
2021-11-30,158.83,141.0,"18,922,600",1.43,27.19
2021-12-01,157.89,140.16,"12,253,400",1.43,31.12
2021-12-02,161.21,143.11,"12,969,900",1.44,27.95
2021-12-03,158.29,140.52,"12,681,800",1.35,30.67
2021-12-06,160.16,142.18,"11,186,500",1.43,27.18
2021-12-07,162.57,144.32,"9,851,600",1.48,21.89
2021-12-08,160.71,142.67,"11,705,700",1.52,19.9
2021-12-09,160.46,142.44,"11,189,600",1.49,21.58
2021-12-10,159.82,141.88,"10,405,400",1.48,18.69
2021-12-13,157.92,140.19,"12,069,000",1.42,20.31
2021-12-14,159.13,141.26,"12,563,600",1.44,21.89
2021-12-15,157.94,140.21,"14,014,200",1.47,19.29
2021-12-16,160.41,142.4,"19,542,800",1.44,20.57
2021-12-17,156.76,139.16,"28,082,000",1.41,21.57
2021-12-20,153.94,136.66,"15,148,000",1.43,22.87
2021-12-21,156.09,138.56,"11,291,300",1.48,21.01
2021-12-22,156.7,139.11,"7,273,000",1.46,18.63
2021-12-23,157.26,139.6,"8,055,200",1.5,17.96
2021-12-27,158.16,140.4,"6,188,100",1.48,17.68
2021-12-28,158.64,140.83,"6,342,300",1.49,17.54
2021-12-29,158.56,140.76,"6,398,900",1.55,16.95
2021-12-30,158.48,140.69,"6,948,200",1.52,17.33
2021-12-31,158.35,140.57,"5,805,900",1.52,17.22
2022-01-03,161.7,143.54,"13,120,900",1.63,16.6
2022-01-04,167.83,148.99,"20,195,800",1.66,16.91
2022-01-05,163.78,146.26,"17,539,400",1.71,19.73
2022-01-06,165.52,147.82,"14,047,500",1.73,19.61
2022-01-07,167.16,149.28,"13,913,300",1.76,18.76
2022-01-10,167.32,149.42,"12,922,500",1.78,19.4
2022-01-11,167.49,149.58,"11,854,100",1.75,18.41
2022-01-12,168.44,150.42,"12,568,000",1.74,17.62
2022-01-13,168.23,150.24,"13,623,400",1.7,20.31
2022-01-14,157.89,141.0,"40,158,400",1.78,19.19
2022-01-18,151.27,135.09,"32,324,800",1.87,22.79
2022-01-19,148.93,133.0,"22,380,000",1.83,23.85
2022-01-20,147.66,131.87,"14,860,800",1.83,25.59
2022-01-21,145.08,129.56,"20,705,400",1.75,28.85
2022-01-24,144.95,129.45,"28,471,400",1.75,29.9
2022-01-25,146.53,130.86,"18,915,900",1.78,31.16
2022-01-26,147.92,132.1,"20,709,100",1.85,31.96
2022-01-27,145.31,129.77,"17,536,800",1.81,30.49
2022-01-28,146.61,130.93,"14,117,000",1.78,27.66
2022-01-31,148.6,132.71,"13,985,700",1.79,24.83
2022-02-01,151.15,134.98,"14,584,900",1.81,21.96
2022-02-02,149.94,133.9,"12,441,100",1.78,22.09
2022-02-03,148.7,132.8,"12,474,900",1.82,24.35
2022-02-04,152.56,136.24,"16,654,400",1.93,23.22
2022-02-07,153.07,136.7,"12,572,300",1.92,22.86
2022-02-08,155.95,139.27,"20,411,400",1.96,21.44
2022-02-09,156.6,139.85,"9,131,100",1.94,19.96
2022-02-10,155.95,139.27,"16,455,600",2.03,23.91
2022-02-11,153.92,137.46,"16,830,000",1.92,27.36
2022-02-14,152.49,136.18,"17,026,500",1.98,28.33
2022-02-15,154.72,138.17,"9,500,000",2.05,25.7
2022-02-16,155.0,138.42,"9,076,500",2.03,24.29
2022-02-17,151.43,135.23,"11,367,500",1.97,28.11
2022-02-18,152.14,135.87,"11,733,300",1.92,27.75
2022-02-22,151.87,135.63,"11,333,500",1.94,28.81
2022-02-23,148.69,132.79,"11,799,000",1.99,31.02
2022-02-24,144.55,129.09,"25,655,100",1.96,30.32
2022-02-25,147.97,132.14,"18,367,700",1.97,27.59
2022-02-28,141.8,126.63,"31,315,300",1.83,30.15
2022-03-01,136.45,121.86,"36,840,400",1.72,33.32
2022-03-02,139.28,124.38,"19,405,600",1.86,30.74
2022-03-03,138.29,123.5,"16,640,800",1.86,30.48
2022-03-04,134.4,120.03,"21,016,000",1.74,31.98
2022-03-07,129.21,115.39,"27,560,100",1.78,36.45
2022-03-08,128.3,114.58,"19,207,800",1.86,35.13
2022-03-09,133.44,119.17,"17,536,200",1.94,32.45
2022-03-10,131.86,117.76,"15,604,200",1.98,30.23
2022-03-11,128.89,115.1,"20,061,800",2.0,30.75
2022-03-14,130.17,116.25,"15,786,900",2.14,31.77
2022-03-15,132.48,118.31,"15,096,600",2.15,29.83
2022-03-16,138.4,123.6,"20,354,900",2.19,26.67
2022-03-17,140.15,125.16,"17,050,500",2.2,25.67
2022-03-18,140.1,125.12,"23,656,500",2.14,23.87
2022-03-21,139.65,124.71,"12,676,100",2.32,23.53
2022-03-22,142.62,127.37,"13,548,600",2.38,22.94
2022-03-23,139.78,124.83,"12,093,200",2.32,23.57
2022-03-24,140.69,125.64,"10,017,600",2.34,21.67
2022-03-25,141.92,126.74,"8,383,500",2.48,20.81
2022-03-28,140.87,125.8,"10,818,100",2.46,19.63
2022-03-29,141.18,126.08,"11,316,500",2.41,18.9
2022-03-30,140.54,125.51,"8,771,000",2.35,19.33
2022-03-31,136.32,121.74,"17,353,900",2.32,20.56
2022-04-01,135.31,120.84,"15,721,300",2.39,19.63
2022-04-04,135.91,121.37,"17,416,400",2.42,18.57
2022-04-05,133.34,119.96,"12,110,300",2.54,21.03
2022-04-06,131.49,118.3,"12,914,700",2.61,22.1
2022-04-07,131.09,117.94,"12,994,200",2.66,21.55
2022-04-08,133.49,120.1,"13,126,900",2.72,21.16
2022-04-11,133.0,119.66,"10,466,400",2.79,24.37
2022-04-12,131.54,118.34,"12,989,900",2.72,24.26
2022-04-13,127.3,114.53,"30,838,000",2.7,21.82
2022-04-14,126.12,113.47,"18,835,200",2.83,22.7
2022-04-18,128.46,115.57,"11,834,400",2.85,22.17
2022-04-19,131.12,117.96,"15,015,400",2.93,21.37
2022-04-20,131.58,118.38,"13,430,200",2.85,20.32
2022-04-21,130.56,117.46,"12,174,200",2.9,22.68
2022-04-22,126.81,114.09,"14,318,800",2.9,28.21
2022-04-25,126.77,114.05,"17,149,000",2.81,27.02
2022-04-26,123.02,110.68,"17,209,500",2.77,33.52
2022-04-27,121.42,109.24,"17,215,200",2.82,31.6
2022-04-28,123.34,110.96,"13,015,600",2.85,29.99
2022-04-29,119.36,107.38,"14,874,800",2.89,33.4
2022-05-02,120.45,108.36,"18,545,000",2.99,32.34
2022-05-03,123.03,110.69,"15,720,900",2.97,29.25
2022-05-04,127.1,114.35,"17,128,500",2.93,25.42
2022-05-05,123.92,111.49,"15,055,400",3.05,31.2
2022-05-06,123.72,111.31,"14,417,900",3.12,30.19
2022-05-09,121.86,109.63,"14,312,300",3.05,34.75
2022-05-10,118.89,106.96,"16,382,400",2.99,32.99
2022-05-11,118.14,106.29,"14,630,300",2.91,32.56
2022-05-12,118.04,106.2,"16,318,800",2.84,31.77
2022-05-13,119.09,107.14,"10,443,200",2.93,28.87
2022-05-16,118.26,106.39,"10,269,000",2.88,27.47
2022-05-17,122.18,109.92,"11,160,200",2.98,26.1
2022-05-18,120.09,108.04,"12,664,900",2.89,30.96
2022-05-19,118.31,106.44,"12,765,800",2.84,29.35
2022-05-20,117.34,105.57,"13,150,100",2.78,29.43
2022-05-23,124.6,112.1,"24,376,700",2.86,28.48
2022-05-24,126.36,113.68,"19,324,900",2.76,29.45
2022-05-25,127.24,114.47,"12,780,400",2.75,28.37
2022-05-26,129.44,116.45,"15,990,900",2.75,27.5
2022-05-27,131.27,118.1,"11,177,800",2.74,25.72
2022-05-31,132.23,118.96,"17,015,000",2.85,26.19
2022-06-01,129.91,116.88,"10,768,000",2.94,25.69
2022-06-02,132.0,118.76,"8,374,800",2.92,24.72
2022-06-03,130.16,117.1,"8,596,000",2.96,24.79
2022-06-06,129.73,116.71,"11,323,500",3.04,25.07
2022-06-07,130.07,117.02,"6,722,200",2.98,24.02
2022-06-08,128.0,115.16,"8,422,100",3.03,23.96
2022-06-09,125.31,112.74,"13,560,100",3.04,26.09
2022-06-10,119.55,107.55,"12,945,200",3.15,27.75
2022-06-13,115.99,104.35,"16,805,600",3.43,34.02
2022-06-14,114.06,102.62,"13,357,900",3.49,32.69
2022-06-15,115.41,103.83,"14,083,500",3.33,29.62
2022-06-16,113.43,102.05,"16,724,900",3.28,32.95
2022-06-17,113.03,101.69,"30,919,900",3.25,31.13
2022-06-21,115.83,104.21,"11,680,500",3.31,30.19
2022-06-22,115.18,103.62,"9,842,700",3.16,28.95
2022-06-23,113.92,102.49,"11,851,500",3.09,29.05
2022-06-24,117.32,105.55,"14,841,100",3.13,27.23
2022-06-27,116.38,104.7,"11,280,500",3.2,26.95
2022-06-28,115.82,104.2,"11,590,900",3.2,28.36
2022-06-29,115.3,103.73,"9,338,400",3.1,28.16
2022-06-30,112.61,101.31,"15,172,600",2.98,28.71
2022-07-01,114.05,102.61,"10,573,600",2.88,26.7
2022-07-05,112.62,102.22,"12,514,200",2.82,27.54
2022-07-06,111.89,101.55,"10,656,200",2.93,26.73
2022-07-07,114.72,104.12,"10,347,400",3.01,26.08
2022-07-08,114.36,103.8,"8,807,800",3.09,24.64
2022-07-11,112.86,102.43,"7,939,500",2.99,26.17
2022-07-12,112.97,102.53,"11,250,900",2.96,27.29
2022-07-13,111.91,101.57,"12,979,900",2.91,26.82
2022-07-14,108.0,98.02,"26,204,800",2.96,26.4
2022-07-15,112.95,102.52,"18,863,900",2.93,24.23
2022-07-18,111.79,101.46,"13,977,900",2.96,25.3
2022-07-19,114.56,103.98,"11,862,300",3.01,24.5
2022-07-20,114.54,103.96,"11,667,500",3.04,23.88
2022-07-21,115.32,104.67,"11,595,900",2.91,23.11
2022-07-22,114.76,104.16,"7,645,500",2.77,23.03
2022-07-25,115.22,104.58,"9,394,000",2.81,23.36
2022-07-26,113.42,102.94,"10,675,100",2.81,24.69
2022-07-27,115.24,104.59,"9,337,400",2.78,23.24
2022-07-28,114.81,104.2,"10,384,800",2.68,22.33
2022-07-29,115.36,104.7,"12,944,500",2.67,21.33
2022-08-01,114.21,103.66,"14,740,400",2.6,22.84
2022-08-02,112.43,102.04,"14,942,900",2.75,23.93
2022-08-03,113.61,103.11,"14,394,500",2.73,21.95
2022-08-04,112.36,101.98,"18,033,900",2.68,21.44
2022-08-05,115.76,105.07,"14,174,600",2.83,21.15
2022-08-08,114.35,103.79,"10,332,500",2.77,21.29
2022-08-09,115.38,104.72,"10,233,800",2.8,21.77
2022-08-10,118.39,107.45,"12,847,300",2.78,19.74
2022-08-11,120.14,109.04,"11,684,900",2.87,20.2
2022-08-12,122.13,110.85,"9,906,700",2.84,19.53
2022-08-15,122.46,111.15,"8,456,200",2.79,19.95
2022-08-16,123.63,112.21,"9,555,000",2.82,19.69
2022-08-17,122.59,111.27,"8,149,300",2.89,19.9
2022-08-18,121.64,110.4,"9,531,800",2.88,19.56
2022-08-19,118.63,107.67,"13,464,500",2.98,20.6
2022-08-22,116.67,105.89,"8,967,600",3.03,23.8
2022-08-23,115.52,104.85,"7,607,000",3.05,24.11
2022-08-24,115.8,105.1,"9,771,300",3.11,22.82
2022-08-25,118.55,107.6,"10,758,900",3.03,21.78
2022-08-26,114.67,104.08,"11,276,200",3.04,25.56
2022-08-29,114.39,103.82,"8,117,300",3.12,26.21
2022-08-30,114.41,103.84,"10,745,400",3.11,26.21
2022-08-31,113.73,103.22,"10,738,300",3.15,25.87
2022-09-01,114.51,103.93,"9,979,800",3.26,25.56
2022-09-02,113.71,103.21,"10,666,600",3.2,25.47
2022-09-06,113.74,103.23,"9,751,900",3.33,26.91
2022-09-07,115.9,105.19,"10,647,900",3.27,24.64
2022-09-08,118.6,107.64,"11,435,000",3.29,23.61
2022-09-09,119.17,108.16,"9,299,700",3.33,22.79
2022-09-12,120.58,109.44,"8,614,600",3.37,23.87
2022-09-13,116.39,105.64,"12,904,600",3.42,27.27
2022-09-14,116.12,105.39,"9,345,700",3.41,26.16
2022-09-15,117.87,106.98,"10,821,400",3.45,26.27
2022-09-16,117.08,106.26,"14,844,100",3.45,26.3
2022-09-19,118.16,107.24,"8,201,300",3.49,25.76
2022-09-20,115.83,105.13,"9,619,000",3.57,27.16
2022-09-21,112.49,102.1,"12,606,300",3.51,27.99
2022-09-22,111.21,100.94,"11,684,500",3.7,27.35
2022-09-23,109.14,99.06,"18,138,600",3.69,29.92
2022-09-26,106.79,96.93,"15,753,600",3.88,32.26
2022-09-27,105.85,96.07,"12,793,600",3.97,32.6
2022-09-28,107.99,98.01,"12,762,600",3.72,30.18
2022-09-29,106.16,96.35,"12,713,900",3.76,31.84
2022-09-30,104.5,94.85,"15,973,400",3.83,31.62
2022-10-03,107.73,97.78,"12,248,100",3.67,30.1
2022-10-04,112.77,102.35,"16,013,600",3.62,29.07
2022-10-05,110.39,101.09,"10,943,500",3.76,28.55
2022-10-06,108.14,99.03,"11,521,400",3.83,30.52
2022-10-07,105.98,97.05,"11,681,100",3.89,31.36
2022-10-10,104.99,96.14,"8,931,700",3.89,32.45
2022-10-11,101.96,93.37,"12,739,700",3.93,33.63
2022-10-12,103.61,94.88,"13,181,000",3.91,33.57
2022-10-13,109.37,100.15,"22,398,700",3.97,31.94
2022-10-14,111.19,101.82,"33,387,100",4.0,32.02
2022-10-17,115.86,106.1,"22,276,300",4.02,31.37
2022-10-18,118.84,108.83,"21,539,700",4.01,30.5
2022-10-19,116.51,106.69,"17,072,000",4.14,30.76
2022-10-20,116.13,106.35,"12,207,400",4.24,29.98
2022-10-21,122.23,111.93,"20,593,300",4.21,29.69
2022-10-24,122.38,112.07,"12,624,200",4.25,29.85
2022-10-25,122.7,112.36,"11,289,100",4.1,28.46
2022-10-26,124.11,113.65,"11,667,000",4.04,27.28
2022-10-27,124.6,114.1,"10,727,600",3.96,27.39
2022-10-28,126.08,115.46,"11,859,500",4.02,25.75
2022-10-31,125.88,115.27,"13,295,200",4.1,25.88
2022-11-01,128.15,117.35,"13,386,900",4.07,25.81
2022-11-02,126.97,116.27,"16,546,100",4.1,25.86
2022-11-03,127.2,116.48,"12,474,400",4.14,25.3
2022-11-04,130.68,119.67,"14,953,200",4.17,24.55
2022-11-07,131.37,120.3,"12,011,200",4.22,24.35
2022-11-08,131.45,120.37,"9,884,100",4.14,25.54
2022-11-09,129.74,118.81,"9,494,000",4.12,26.09
2022-11-10,135.08,123.7,"16,351,600",3.82,23.53
2022-11-11,135.3,123.9,"10,704,700",3.82,22.52
2022-11-14,133.91,122.63,"11,085,600",3.88,23.73
2022-11-15,132.94,121.74,"14,038,300",3.8,24.54
2022-11-16,133.12,121.9,"7,893,400",3.67,24.11
2022-11-17,132.54,121.37,"8,820,200",3.77,23.93
2022-11-18,133.84,122.56,"9,468,500",3.82,23.12
2022-11-21,133.05,121.84,"7,800,500",3.83,22.36
2022-11-22,135.04,123.66,"9,185,700",3.76,21.29
2022-11-23,136.48,124.98,"7,316,200",3.71,20.35
2022-11-25,136.74,125.22,"3,220,500",3.68,20.5
2022-11-28,134.35,123.03,"9,906,900",3.69,22.21
2022-11-29,136.56,125.05,"7,925,300",3.75,21.89
2022-11-30,138.18,126.54,"14,761,200",3.68,20.58
2022-12-01,136.24,124.76,"8,858,500",3.53,19.84
2022-12-02,135.16,123.77,"8,931,900",3.51,19.06
2022-12-05,131.37,120.3,"10,154,500",3.6,20.75
2022-12-06,131.59,120.5,"13,966,700",3.51,22.17
2022-12-07,131.5,120.42,"11,739,400",3.42,22.68
2022-12-08,132.88,121.68,"8,907,300",3.48,22.29
2022-12-09,132.16,121.02,"7,957,800",3.57,22.83
2022-12-12,134.21,122.9,"8,841,600",3.61,25.0
2022-12-13,134.08,122.78,"10,025,400",3.51,22.55
2022-12-14,133.41,122.17,"9,966,100",3.49,21.14
2022-12-15,130.1,119.14,"12,087,800",3.44,22.83
2022-12-16,129.29,118.4,"21,133,700",3.48,22.62
2022-12-19,130.06,119.1,"9,017,200",3.57,22.42
2022-12-20,130.69,119.68,"8,549,900",3.69,21.48
2022-12-21,132.16,121.02,"8,051,700",3.68,20.07
2022-12-22,130.66,119.65,"8,648,200",3.67,21.97
2022-12-23,131.28,120.22,"5,091,900",3.75,20.87
2022-12-27,131.74,120.64,"5,411,000",3.84,21.65
2022-12-28,132.46,121.3,"8,827,700",3.88,22.14
2022-12-29,133.22,122.0,"6,585,200",3.83,21.44
2022-12-30,134.1,122.8,"9,292,500",3.88,21.67
2023-01-03,135.12,123.74,"11,054,800",3.79,22.9
2023-01-04,136.38,124.89,"11,687,600",3.69,22.01
2023-01-05,135.35,124.86,"8,381,300",3.71,22.46
2023-01-06,137.94,127.25,"10,029,100",3.55,21.13
2023-01-09,137.37,126.72,"8,482,300",3.53,21.97
2023-01-10,138.6,127.86,"9,048,700",3.61,20.58
2023-01-11,139.63,128.81,"8,703,700",3.54,21.09
2023-01-12,139.49,128.68,"11,001,700",3.43,18.83
2023-01-13,143.01,131.93,"20,200,000",3.49,18.35
2023-01-17,140.8,129.89,"14,292,900",3.53,19.36
2023-01-18,136.57,125.99,"13,392,600",3.37,20.34
2023-01-19,134.75,124.31,"13,303,400",3.39,20.52
2023-01-20,135.08,124.61,"13,092,500",3.48,19.85
2023-01-23,137.27,126.63,"10,487,100",3.52,19.81
2023-01-24,138.45,127.72,"6,945,000",3.46,19.2
2023-01-25,139.12,128.34,"8,967,000",3.46,19.08
2023-01-26,139.98,129.13,"7,487,600",3.49,18.73
2023-01-27,140.32,129.45,"7,489,900",3.52,18.51
2023-01-30,139.13,128.35,"6,729,300",3.55,19.94
2023-01-31,139.96,129.11,"9,188,700",3.52,19.4
2023-02-01,139.59,128.77,"8,841,800",3.39,17.87
2023-02-02,138.94,128.17,"11,822,100",3.4,18.73
2023-02-03,141.09,130.16,"11,501,200",3.53,18.33
2023-02-06,141.92,130.92,"8,406,200",3.63,19.43
2023-02-07,143.65,132.52,"10,447,900",3.67,18.66
2023-02-08,142.64,131.59,"6,958,000",3.63,19.63
2023-02-09,140.42,129.54,"6,443,100",3.67,20.71
2023-02-10,141.04,130.11,"6,582,900",3.74,20.53
2023-02-13,142.57,131.52,"7,134,600",3.72,20.34
2023-02-14,143.2,132.1,"9,249,400",3.77,18.91
2023-02-15,143.8,132.66,"6,728,300",3.81,18.23
2023-02-16,141.82,130.83,"8,165,300",3.86,20.17
2023-02-17,142.24,131.22,"7,948,800",3.82,20.02
2023-02-21,139.63,128.81,"9,996,300",3.95,22.87
2023-02-22,138.56,127.82,"11,107,500",3.93,22.29
2023-02-23,139.67,128.85,"8,068,000",3.88,21.14
2023-02-24,140.93,130.01,"9,126,900",3.95,21.67
2023-02-27,142.16,131.14,"10,014,700",3.92,20.95
2023-02-28,143.35,132.24,"11,019,800",3.92,20.7
2023-03-01,142.55,131.5,"7,139,200",4.01,20.58
2023-03-02,141.07,130.14,"11,106,800",4.08,19.59
2023-03-03,143.66,132.53,"9,513,100",3.97,18.49
2023-03-06,142.82,131.75,"9,261,300",3.98,18.61
2023-03-07,138.62,127.88,"11,747,600",3.97,19.59
2023-03-08,137.8,127.12,"10,002,500",3.98,19.11
2023-03-09,130.34,120.24,"25,888,100",3.93,22.61
2023-03-10,133.65,123.29,"37,599,700",3.7,24.8
2023-03-13,131.25,121.08,"42,901,100",3.55,26.52
2023-03-14,134.62,124.19,"29,648,100",3.64,23.73
2023-03-15,128.26,118.32,"34,280,600",3.51,26.14
2023-03-16,130.75,120.62,"24,558,500",3.56,22.99
2023-03-17,125.81,116.06,"38,396,000",3.39,25.51
2023-03-20,127.14,117.29,"22,875,500",3.47,24.15
2023-03-21,130.55,120.43,"17,807,800",3.59,21.38
2023-03-22,127.18,117.32,"17,250,200",3.48,22.26
2023-03-23,126.84,117.01,"16,677,600",3.38,22.61
2023-03-24,124.91,115.23,"22,311,100",3.38,21.74
2023-03-27,128.49,118.53,"18,853,900",3.53,20.6
2023-03-28,128.88,118.89,"10,820,500",3.55,19.97
2023-03-29,129.14,119.13,"14,595,300",3.57,19.12
2023-03-30,128.75,118.77,"12,134,700",3.55,19.02
2023-03-31,130.31,120.21,"13,105,200",3.48,18.7
2023-04-03,130.16,120.07,"11,775,400",3.43,18.55
2023-04-04,128.42,118.47,"11,579,900",3.35,19.0
2023-04-05,127.61,118.65,"9,614,700",3.3,19.08
2023-04-06,127.47,118.51,"8,760,200",3.3,18.4
2023-04-10,127.89,118.91,"9,477,300",3.41,18.97
2023-04-11,128.52,119.49,"10,516,300",3.43,19.1
2023-04-12,128.5,119.47,"11,821,000",3.41,19.09
2023-04-13,128.99,119.93,"12,450,200",3.45,17.8
2023-04-14,138.73,128.98,"43,931,300",3.52,17.07
2023-04-17,139.83,130.01,"16,050,500",3.6,16.95
2023-04-18,141.4,131.47,"13,760,100",3.58,16.83
2023-04-19,141.22,131.3,"9,158,100",3.6,16.46
2023-04-20,140.81,130.92,"10,586,200",3.54,17.17
2023-04-21,140.54,130.67,"11,842,500",3.57,16.77
2023-04-24,140.73,130.84,"7,567,500",3.52,16.89
2023-04-25,137.67,128.0,"10,629,300",3.4,18.76
2023-04-26,135.23,125.73,"14,416,100",3.43,18.84
2023-04-27,137.05,127.42,"9,041,100",3.53,17.03
2023-04-28,138.24,128.53,"9,887,300",3.44,15.78
2023-05-01,141.2,131.28,"20,415,800",3.59,16.08
2023-05-02,138.92,129.16,"14,113,400",3.44,17.78
2023-05-03,135.98,126.43,"12,930,900",3.38,18.34
2023-05-04,134.12,124.7,"17,089,200",3.37,20.09
2023-05-05,136.74,127.13,"11,261,400",3.44,17.19
2023-05-08,137.07,127.44,"7,484,900",3.52,16.98
2023-05-09,136.41,126.83,"7,343,600",3.53,17.71
2023-05-10,136.48,126.89,"8,133,400",3.43,16.94
2023-05-11,136.05,126.49,"7,057,300",3.39,16.93
2023-05-12,134.1,124.68,"9,988,600",3.46,17.03
2023-05-15,135.23,125.73,"7,639,500",3.5,17.12
2023-05-16,134.32,124.88,"6,477,200",3.54,17.99
2023-05-17,138.45,128.72,"12,711,500",3.57,16.87
2023-05-18,139.5,129.7,"10,999,600",3.65,16.05
2023-05-19,139.18,129.4,"13,492,200",3.7,16.81
2023-05-22,138.03,128.33,"11,402,500",3.72,17.21
2023-05-23,136.59,126.99,"9,514,900",3.7,18.53
2023-05-24,135.34,125.83,"8,578,000",3.73,20.03
2023-05-25,135.67,126.14,"8,472,500",3.83,19.14
2023-05-26,136.94,127.32,"8,579,900",3.8,17.95
2023-05-30,137.46,127.8,"7,399,900",3.69,17.46
2023-05-31,135.71,126.18,"14,219,900",3.64,17.94
2023-06-01,137.58,127.91,"12,248,100",3.61,15.65
2023-06-02,140.47,130.6,"12,922,500",3.69,14.6
2023-06-05,139.09,129.32,"8,511,900",3.69,14.73
2023-06-06,139.34,129.55,"9,329,500",3.7,13.96
2023-06-07,140.69,130.81,"9,281,400",3.79,13.94
2023-06-08,140.73,130.84,"7,368,100",3.73,13.65
2023-06-09,141.01,131.1,"7,249,100",3.75,13.83
2023-06-12,141.0,131.09,"7,596,600",3.73,15.01
2023-06-13,142.02,132.04,"7,701,600",3.84,14.61
2023-06-14,141.49,131.55,"9,068,700",3.83,13.88
2023-06-15,143.09,133.04,"9,343,100",3.72,14.5
2023-06-16,143.26,133.2,"13,813,500",3.77,13.54
2023-06-20,142.53,132.52,"8,428,600",3.74,13.88
2023-06-21,142.32,132.32,"9,926,500",3.72,13.2
2023-06-22,139.58,129.77,"10,075,200",3.8,12.91
2023-06-23,138.85,129.1,"9,919,500",3.74,13.44
2023-06-26,139.19,129.41,"8,429,700",3.72,14.25
2023-06-27,139.2,129.42,"8,154,000",3.77,13.74
2023-06-28,138.59,128.85,"7,558,600",3.71,13.43
2023-06-29,143.43,133.35,"15,423,200",3.85,13.54
2023-06-30,145.44,135.22,"14,212,800",3.81,13.59
2023-07-03,146.61,136.31,"8,021,600",3.86,13.57
2023-07-05,144.64,135.4,"8,934,900",3.95,14.18
2023-07-06,143.21,134.06,"9,709,500",4.05,15.44
2023-07-07,144.34,135.12,"8,981,500",4.06,14.83
2023-07-10,145.15,135.88,"9,100,100",4.01,15.07
2023-07-11,147.42,138.0,"11,260,900",3.99,14.84
2023-07-12,148.15,138.69,"11,323,200",3.86,13.54
2023-07-13,148.87,139.36,"11,234,900",3.76,13.61
2023-07-14,149.77,140.2,"27,028,400",3.83,13.34
2023-07-17,153.38,143.58,"17,262,400",3.81,13.48
2023-07-18,153.66,143.85,"13,491,700",3.8,13.3
2023-07-19,154.25,144.4,"12,510,000",3.75,13.76
2023-07-20,156.15,146.18,"9,935,900",3.85,13.99
2023-07-21,154.95,145.05,"10,636,400",3.84,13.6
2023-07-24,158.0,147.91,"14,381,400",3.86,13.91
2023-07-25,156.82,146.8,"9,944,700",3.91,13.86
2023-07-26,157.76,147.68,"8,728,600",3.86,13.19
2023-07-27,156.02,146.06,"10,778,400",4.01,14.41
2023-07-28,156.91,146.89,"9,103,800",3.96,13.33
2023-07-31,157.96,147.87,"8,892,700",3.97,13.63
2023-08-01,157.18,147.14,"6,853,900",4.05,13.93
2023-08-02,155.4,145.47,"8,299,400",4.08,16.09
2023-08-03,156.35,146.36,"6,084,000",4.2,15.92
2023-08-04,156.02,146.06,"6,209,400",4.05,17.1
2023-08-07,156.76,146.75,"7,251,800",4.09,15.77
2023-08-08,155.88,145.92,"8,623,400",4.02,15.99
2023-08-09,153.79,143.97,"6,277,800",4.0,15.96
2023-08-10,153.56,143.75,"5,995,100",4.09,15.85
2023-08-11,154.45,144.59,"5,180,700",4.16,14.84
2023-08-14,154.77,144.89,"5,044,300",4.19,14.82
2023-08-15,150.83,141.2,"10,300,300",4.21,16.46
2023-08-16,150.19,140.6,"6,978,200",4.28,16.78
2023-08-17,148.63,139.14,"9,953,900",4.3,17.89
2023-08-18,148.97,139.46,"8,517,500",4.26,17.3
2023-08-21,149.48,139.93,"8,327,000",4.34,17.13
2023-08-22,146.38,137.03,"9,673,300",4.34,16.97
2023-08-23,147.37,137.96,"7,858,000",4.19,15.98
2023-08-24,147.23,137.83,"6,534,000",4.23,17.2
2023-08-25,147.05,137.66,"6,695,500",4.25,15.68
2023-08-28,147.56,138.14,"5,094,100",4.2,15.08
2023-08-29,148.76,139.26,"6,337,000",4.12,14.45
2023-08-30,148.16,138.7,"6,277,300",4.12,13.88
2023-08-31,146.33,136.98,"10,933,900",4.09,13.57
2023-09-01,146.82,137.44,"7,903,500",4.18,13.09
2023-09-05,145.2,135.93,"7,854,700",4.27,14.01
2023-09-06,144.96,135.7,"8,629,200",4.3,14.45
2023-09-07,143.72,134.54,"8,373,700",4.27,14.4
2023-09-08,143.83,134.64,"7,107,900",4.26,13.84
2023-09-11,144.46,135.23,"6,854,200",4.29,13.8
2023-09-12,146.34,136.99,"8,363,200",4.27,14.23
2023-09-13,146.41,137.06,"8,325,900",4.25,13.48
2023-09-14,149.25,139.72,"10,034,900",4.29,12.82
2023-09-15,148.81,139.31,"19,863,400",4.33,13.79
2023-09-18,149.12,139.6,"6,512,400",4.32,14.0
2023-09-19,148.93,139.42,"7,943,400",4.37,14.11
2023-09-20,148.3,138.83,"7,332,000",4.35,15.14
2023-09-21,147.14,137.74,"8,052,400",4.49,17.54
2023-09-22,145.73,136.42,"7,071,700",4.44,17.2
2023-09-25,146.45,137.1,"7,044,700",4.55,16.9
2023-09-26,144.93,135.67,"7,468,400",4.56,18.94
2023-09-27,145.78,136.47,"6,717,800",4.61,18.22
2023-09-28,147.59,138.16,"8,868,100",4.59,17.34
2023-09-29,145.02,135.76,"11,917,800",4.59,17.52
2023-10-02,143.77,134.59,"9,170,600",4.69,17.61
2023-10-03,142.71,133.6,"9,431,100",4.81,19.78
2023-10-04,143.35,134.19,"8,128,700",4.73,18.58
2023-10-05,142.9,134.76,"8,576,200",4.72,18.49
2023-10-06,145.1,136.84,"10,270,600",4.78,17.45
2023-10-09,144.77,136.52,"6,964,900",4.78,17.7
2023-10-10,145.65,137.35,"11,288,800",4.66,17.03
2023-10-11,146.15,137.83,"8,698,200",4.58,16.09
2023-10-12,145.81,137.5,"10,484,400",4.7,16.69
2023-10-13,148.0,139.57,"29,427,000",4.63,19.32
2023-10-16,147.85,139.43,"12,663,500",4.71,17.21
2023-10-17,147.53,139.13,"11,482,700",4.83,17.88
2023-10-18,145.91,137.6,"9,620,300",4.91,19.22
2023-10-19,145.29,137.01,"11,143,600",4.98,21.4
2023-10-20,142.95,134.81,"13,332,900",4.93,21.71
2023-10-23,141.0,132.97,"10,133,400",4.86,20.37
2023-10-24,141.17,133.13,"8,881,400",4.83,18.97
2023-10-25,140.4,132.4,"8,242,600",4.95,20.19
2023-10-26,140.76,132.74,"9,109,400",4.86,20.68
2023-10-27,135.69,127.96,"17,434,700",4.84,21.27
2023-10-30,137.42,129.59,"9,855,500",4.88,19.75
2023-10-31,139.06,131.14,"9,672,500",4.88,18.14
2023-11-01,138.94,131.03,"9,432,000",4.77,16.87
2023-11-02,141.42,133.36,"10,186,200",4.67,15.66
2023-11-03,143.0,134.85,"9,538,700",4.57,14.91
2023-11-06,144.08,135.87,"7,625,100",4.67,14.89
2023-11-07,144.01,135.81,"6,297,900",4.58,14.81
2023-11-08,144.72,136.48,"7,618,200",4.49,14.45
2023-11-09,144.29,136.07,"7,992,500",4.62,15.29
2023-11-10,146.43,138.09,"7,983,300",4.61,14.17
2023-11-13,145.78,137.48,"6,676,300",4.63,14.76
2023-11-14,148.44,139.98,"9,927,700",4.44,14.16
2023-11-15,149.74,141.21,"8,365,300",4.53,14.18
2023-11-16,151.45,142.82,"8,126,200",4.45,14.32
2023-11-17,152.82,144.12,"7,812,400",4.44,13.8
2023-11-20,153.29,144.56,"7,019,000",4.42,13.41
2023-11-21,152.97,144.26,"7,083,500",4.41,13.35
2023-11-22,153.33,144.6,"5,174,500",4.42,12.85
2023-11-24,153.54,144.79,"3,496,900",4.47,12.46
2023-11-27,153.19,144.46,"6,259,100",4.39,12.69
2023-11-28,153.54,144.79,"6,582,700",4.34,12.69
2023-11-29,154.32,145.53,"9,126,100",4.27,12.98
2023-11-30,156.08,147.19,"9,869,800",4.37,12.92
2023-12-01,156.84,147.91,"8,916,000",4.22,12.63
2023-12-04,157.99,148.99,"9,607,500",4.28,13.08
2023-12-05,157.97,148.97,"9,135,600",4.18,12.85
2023-12-06,156.31,147.41,"9,366,000",4.12,12.97
2023-12-07,156.79,147.86,"8,130,900",4.14,13.06
2023-12-08,158.52,149.49,"7,369,400",4.23,12.35
2023-12-11,159.1,150.04,"8,093,900",4.23,12.63
2023-12-12,160.52,151.38,"10,223,000",4.2,12.07
2023-12-13,161.06,151.89,"12,379,100",4.04,12.19
2023-12-14,163.99,154.65,"13,643,000",3.92,12.48
2023-12-15,165.23,155.82,"20,309,300",3.91,12.28
2023-12-18,166.23,156.76,"8,469,600",3.95,12.56
2023-12-19,168.45,158.86,"10,345,700",3.93,12.53
2023-12-20,166.55,157.06,"10,734,700",3.86,13.67
2023-12-21,167.5,157.96,"7,601,700",3.89,13.65
2023-12-22,167.4,157.86,"6,576,300",3.9,13.03
2023-12-26,168.39,158.8,"4,683,600",3.89,12.99
2023-12-27,169.4,159.75,"6,428,600",3.79,12.43
2023-12-28,170.3,160.6,"6,320,100",3.84,12.47
2023-12-29,170.1,160.41,"6,435,100",3.88,12.45
2024-01-02,172.08,162.28,"9,977,400",3.95,13.2
2024-01-03,171.33,161.57,"9,852,300",3.91,14.04
2024-01-04,171.41,162.64,"11,972,500",3.99,14.13
2024-01-05,172.27,163.46,"10,066,000",4.05,13.35
2024-01-08,172.02,163.22,"11,229,900",4.01,13.08
2024-01-09,170.66,161.93,"9,923,600",4.02,12.76
2024-01-10,171.02,162.27,"9,670,200",4.04,12.69
2024-01-11,170.3,161.59,"11,919,500",3.98,12.44
2024-01-12,169.05,160.4,"19,436,500",3.96,12.7
2024-01-16,167.99,159.4,"17,206,400",4.07,13.84
2024-01-17,167.09,158.54,"11,107,500",4.1,14.79
2024-01-18,167.42,158.86,"9,382,300",4.14,14.13
2024-01-19,170.31,161.6,"13,115,700",4.15,13.3
2024-01-22,170.11,161.41,"12,837,500",4.11,13.19
2024-01-23,168.99,160.35,"8,360,800",4.14,12.55
2024-01-24,170.5,161.78,"9,967,100",4.18,13.14
2024-01-25,172.94,164.09,"8,873,500",4.14,13.45
2024-01-26,172.28,163.47,"7,443,000",4.15,13.26
2024-01-29,172.73,163.9,"6,971,200",4.08,13.6
2024-01-30,176.27,167.25,"10,822,100",4.06,13.31
2024-01-31,174.36,165.44,"11,521,800",3.99,14.35
2024-02-01,173.73,164.84,"9,354,800",3.87,13.88
2024-02-02,174.73,165.79,"8,607,600",4.03,13.85
2024-02-05,174.5,165.58,"7,820,200",4.17,13.67
2024-02-06,175.1,166.14,"6,764,800",4.09,13.06
2024-02-07,175.43,166.46,"7,225,500",4.09,12.83
2024-02-08,174.8,165.86,"6,060,300",4.15,12.79
2024-02-09,175.01,166.06,"6,296,700",4.17,12.93
2024-02-12,175.79,166.8,"8,539,300",4.17,13.93
2024-02-13,174.26,165.35,"8,397,600",4.31,15.85
2024-02-14,176.03,167.03,"7,056,700",4.27,14.38
2024-02-15,179.87,170.67,"8,723,400",4.24,14.01
2024-02-16,179.03,169.87,"8,152,600",4.3,14.24
2024-02-20,179.73,170.54,"9,668,000",4.27,15.42
2024-02-21,180.9,171.65,"7,024,000",4.32,15.34
2024-02-22,183.07,173.71,"9,296,500",4.33,14.54
2024-02-23,183.99,174.58,"7,105,800",4.26,13.75
2024-02-26,183.36,173.98,"7,145,400",4.28,13.74
2024-02-27,183.45,174.07,"5,717,100",4.31,13.43
2024-02-28,184.38,174.95,"6,131,600",4.27,13.84
2024-02-29,186.06,176.54,"9,643,000",4.25,13.4
2024-03-01,185.29,175.81,"6,311,800",4.19,13.11
2024-03-04,186.68,177.13,"7,063,600",4.22,13.49
2024-03-05,188.55,178.91,"6,617,800",4.13,14.46
2024-03-06,189.53,179.84,"7,572,900",4.11,14.5
2024-03-07,187.87,178.26,"7,618,300",4.09,14.44
2024-03-08,188.22,178.59,"6,172,200",4.09,14.74
2024-03-11,188.29,178.66,"5,762,600",4.1,15.22
2024-03-12,189.84,180.13,"5,708,400",4.16,13.84
2024-03-13,191.38,181.59,"7,795,500",4.19,13.75
2024-03-14,187.97,178.36,"10,310,900",4.29,14.4
2024-03-15,190.3,180.57,"17,214,200",4.31,14.41
2024-03-18,192.66,182.81,"9,013,800",4.34,14.33
2024-03-19,193.79,183.88,"8,478,700",4.3,13.82
2024-03-20,196.33,186.29,"9,367,000",4.27,13.04
2024-03-21,199.06,188.88,"11,203,800",4.27,12.92
2024-03-22,196.62,186.56,"8,108,800",4.22,13.06
2024-03-25,194.82,184.86,"8,620,000",4.25,13.19
2024-03-26,195.73,185.72,"5,961,500",4.24,13.24
2024-03-27,199.52,189.32,"8,725,800",4.2,12.78
2024-03-28,200.3,190.06,"8,628,300",4.2,13.01
2024-04-01,198.94,188.77,"7,309,000",4.33,13.65
2024-04-02,198.86,188.69,"7,014,700",4.36,14.61
2024-04-03,198.3,188.16,"9,353,400",4.36,14.33
2024-04-04,195.65,186.73,"9,243,800",4.31,16.35
2024-04-05,197.45,188.44,"6,532,300",4.39,16.03
2024-04-08,198.48,189.43,"8,001,000",4.42,15.19
2024-04-09,197.15,188.16,"7,351,500",4.36,14.98
2024-04-10,195.47,186.55,"7,681,400",4.55,15.8
2024-04-11,195.43,186.52,"10,137,700",4.56,14.91
2024-04-12,182.79,174.45,"31,532,300",4.5,17.31
2024-04-15,182.89,174.55,"14,766,600",4.63,19.23
2024-04-16,180.8,172.55,"16,451,800",4.67,18.4
2024-04-17,180.08,171.87,"9,017,100",4.59,18.21
2024-04-18,181.25,172.98,"9,557,700",4.64,18.0
2024-04-19,185.8,177.33,"13,402,300",4.62,18.71
2024-04-22,189.41,180.77,"11,529,700",4.62,16.94
2024-04-23,192.14,183.38,"9,144,400",4.61,15.69
2024-04-24,193.08,184.27,"6,964,900",4.65,15.97
2024-04-25,193.37,184.55,"9,802,300",4.7,15.37
2024-04-26,193.49,184.66,"6,413,700",4.67,15.03
2024-04-29,193.28,184.46,"5,387,800",4.63,14.67
2024-04-30,191.74,182.99,"8,153,700",4.69,15.65
2024-05-01,191.86,183.11,"7,445,300",4.63,15.39
2024-05-02,191.66,182.92,"6,501,700",4.58,14.68
2024-05-03,190.51,181.82,"8,922,800",4.5,13.49
2024-05-06,192.0,183.24,"7,911,100",4.49,13.49
2024-05-07,191.75,183.0,"7,688,800",4.47,13.23
2024-05-08,195.65,186.73,"9,227,600",4.48,13.0
2024-05-09,197.5,188.49,"7,977,300",4.45,12.69
2024-05-10,198.77,189.7,"7,529,800",4.5,12.55
2024-05-13,198.73,189.67,"7,049,200",4.48,13.6
2024-05-14,201.51,192.32,"8,596,200",4.45,13.42
2024-05-15,202.11,192.89,"8,370,000",4.36,12.45
2024-05-16,202.47,193.24,"8,497,900",4.38,12.42
2024-05-17,204.79,195.45,"9,260,500",4.42,11.99
2024-05-20,195.58,186.66,"17,373,300",4.44,12.15
2024-05-21,199.52,190.42,"14,420,800",4.41,11.86
2024-05-22,198.31,189.26,"9,425,300",4.43,12.29
2024-05-23,196.92,187.94,"8,069,400",4.47,12.77
2024-05-24,200.71,191.56,"7,356,200",4.46,11.93
2024-05-28,199.5,190.4,"6,910,200",4.54,12.92
2024-05-29,198.11,189.07,"6,120,000",4.61,14.28
2024-05-30,199.33,190.24,"6,829,100",4.55,14.47
2024-05-31,202.63,193.39,"14,417,900",4.51,12.92
2024-06-03,201.82,192.61,"6,444,300",4.41,13.11
2024-06-04,199.16,190.08,"6,848,300",4.33,13.16
2024-06-05,197.26,188.26,"8,351,600",4.29,12.63
2024-06-06,196.91,187.93,"7,640,300",4.28,12.58
2024-06-07,199.95,190.83,"6,964,500",4.43,12.22
2024-06-10,199.61,190.51,"6,070,800",4.47,12.74
2024-06-11,194.36,185.5,"9,235,300",4.39,12.85
2024-06-12,191.53,182.79,"12,751,300",4.31,12.04
2024-06-13,193.66,184.83,"8,587,800",4.24,11.94
2024-06-14,193.78,184.94,"6,874,000",4.2,12.66
2024-06-17,194.98,186.09,"8,725,400",4.28,12.75
2024-06-18,197.0,188.01,"9,023,000",4.22,12.3
2024-06-20,198.67,189.61,"8,731,100",4.25,13.28
2024-06-21,196.3,187.35,"20,972,100",4.25,13.2
2024-06-24,198.88,189.81,"9,785,900",4.25,13.33
2024-06-25,198.07,189.04,"6,862,500",4.23,12.84
2024-06-26,197.43,188.43,"7,758,600",4.32,12.55
2024-06-27,199.17,190.09,"7,913,500",4.29,12.24
2024-06-28,202.26,193.03,"15,307,600",4.36,12.44
2024-07-01,205.45,196.08,"10,205,800",4.48,12.22
2024-07-02,208.83,199.31,"7,802,900",4.43,12.03
2024-07-03,208.69,199.17,"5,560,900",4.36,12.09
2024-07-05,204.79,196.53,"8,093,100",4.28,12.48
2024-07-08,205.17,196.9,"8,707,000",4.28,12.37
2024-07-09,207.63,199.26,"9,058,900",4.3,12.51
2024-07-10,207.8,199.42,"8,328,500",4.28,12.85
2024-07-11,207.45,199.09,"10,658,100",4.2,12.92
2024-07-12,204.94,196.68,"15,443,400",4.18,12.46
2024-07-15,210.05,201.58,"10,719,700",4.23,13.12
2024-07-16,213.62,205.01,"11,557,000",4.17,13.19
2024-07-17,216.87,208.13,"11,572,500",4.16,14.48
2024-07-18,209.98,201.51,"12,415,100",4.2,15.93
2024-07-19,209.78,201.32,"8,095,900",4.25,16.52
2024-07-22,210.28,201.8,"7,663,200",4.26,14.91
2024-07-23,210.33,201.85,"5,557,300",4.25,14.72
2024-07-24,208.59,200.18,"7,119,000",4.28,18.04
2024-07-25,208.67,200.26,"6,403,800",4.27,18.46
2024-07-26,212.24,203.68,"8,027,800",4.2,16.39
2024-07-29,210.85,202.35,"6,533,600",4.17,16.6
2024-07-30,215.19,206.51,"8,850,700",4.15,17.69
2024-07-31,212.8,204.22,"9,071,600",4.09,16.36
2024-08-01,207.96,199.57,"10,918,600",3.99,18.59
2024-08-02,199.14,191.11,"18,041,700",3.8,23.39
2024-08-05,194.9,187.04,"13,927,000",3.78,38.57
2024-08-06,200.34,192.26,"10,605,800",3.9,27.71
2024-08-07,200.4,192.32,"9,204,400",3.96,27.85
2024-08-08,204.06,195.83,"7,761,200",3.99,23.79
2024-08-09,205.8,197.5,"5,540,200",3.94,20.37
2024-08-12,206.19,197.88,"6,936,000",3.9,20.71
2024-08-13,207.94,199.56,"6,387,800",3.85,18.12
2024-08-14,210.24,201.76,"6,999,800",3.83,16.19
2024-08-15,211.55,203.02,"7,001,000",3.92,15.23
2024-08-16,213.97,205.34,"7,931,200",3.89,14.8
2024-08-19,215.45,206.76,"6,090,800",3.86,14.65
2024-08-20,214.52,205.87,"5,640,000",3.82,15.88
2024-08-21,214.6,205.95,"5,202,300",3.79,16.27
2024-08-22,216.63,207.9,"5,247,100",3.86,17.55
2024-08-23,218.31,209.51,"7,214,000",3.81,15.86
2024-08-26,219.17,210.33,"5,105,200",3.82,16.15
2024-08-27,220.18,211.3,"5,185,200",3.83,15.43
2024-08-28,221.29,212.37,"6,506,400",3.84,17.11
2024-08-29,222.21,213.25,"6,416,100",3.87,15.65
2024-08-30,224.8,215.74,"8,574,100",3.91,15.0
2024-09-03,220.3,211.42,"8,956,100",3.84,20.72
2024-09-04,219.33,210.49,"7,389,500",3.77,21.32
2024-09-05,217.63,208.85,"8,067,900",3.73,19.9
2024-09-06,212.46,203.89,"7,777,000",3.72,22.38
2024-09-09,216.81,208.07,"8,935,100",3.7,19.45
2024-09-10,205.56,197.27,"28,406,900",3.65,19.08
2024-09-11,207.23,198.87,"13,658,700",3.65,17.69
2024-09-12,206.6,198.27,"9,054,400",3.68,17.07
2024-09-13,204.32,196.08,"10,226,700",3.66,16.56
2024-09-16,207.86,199.48,"8,634,900",3.63,17.14
2024-09-17,209.25,200.81,"7,573,300",3.65,17.61
2024-09-18,207.53,199.16,"8,259,900",3.7,18.23
2024-09-19,210.48,201.99,"11,635,200",3.73,16.33
2024-09-20,211.09,202.58,"20,885,000",3.73,16.15
2024-09-23,211.44,202.91,"7,223,500",3.75,15.89
2024-09-24,211.59,203.06,"7,323,200",3.74,15.39
2024-09-25,210.19,201.71,"8,976,500",3.79,15.41
2024-09-26,209.78,201.32,"7,807,500",3.79,15.37
2024-09-27,210.5,202.01,"7,032,500",3.75,16.96
2024-09-30,210.86,202.36,"8,663,800",3.81,16.73
2024-10-01,207.04,198.69,"8,540,100",3.74,19.26
2024-10-02,207.29,198.93,"5,810,900",3.79,18.9
2024-10-03,205.23,196.95,"7,251,300",3.85,20.49
2024-10-04,211.22,203.95,"10,211,700",3.98,19.21
2024-10-07,210.93,203.67,"6,718,900",4.03,22.64
2024-10-08,210.75,203.49,"6,021,800",4.04,21.42
2024-10-09,213.42,206.07,"7,024,000",4.06,20.86
2024-10-10,212.84,205.51,"7,927,100",4.09,20.93
2024-10-11,222.29,214.63,"18,320,700",4.08,20.46
2024-10-14,221.48,213.85,"9,048,900",4.08,19.7
2024-10-15,222.39,214.73,"9,235,800",4.03,20.64
2024-10-16,223.64,215.94,"6,382,500",4.02,19.58
2024-10-17,224.42,216.69,"6,470,200",4.09,19.11
2024-10-18,225.37,217.61,"7,000,500",4.08,18.03
2024-10-21,223.0,215.32,"5,870,000",4.19,18.37
2024-10-22,224.12,216.4,"9,586,800",4.2,18.2
2024-10-23,223.41,215.72,"6,180,500",4.24,19.24
2024-10-24,224.98,217.23,"6,002,200",4.21,19.08
2024-10-25,222.31,214.65,"6,369,700",4.25,20.33
2024-10-28,225.5,217.73,"6,843,000",4.28,19.8
2024-10-29,222.9,215.22,"6,580,000",4.28,19.34
2024-10-30,224.41,216.68,"7,110,900",4.29,20.35
2024-10-31,221.92,214.28,"7,829,900",4.28,23.16
2024-11-01,222.94,215.26,"6,923,500",4.37,21.88
2024-11-04,219.78,212.21,"8,229,600",4.31,21.98
2024-11-05,221.49,213.86,"5,600,700",4.26,20.49
2024-11-06,247.06,238.55,"23,987,800",4.42,16.27
2024-11-07,236.38,228.24,"16,451,100",4.31,15.2
2024-11-08,236.98,228.82,"9,502,100",4.3,14.94
2024-11-11,239.29,231.05,"9,017,100",4.3,14.97
2024-11-12,239.56,231.31,"6,861,000",4.43,14.71
2024-11-13,241.16,232.85,"11,472,600",4.44,14.02
2024-11-14,241.87,233.54,"10,172,200",4.43,14.31
2024-11-15,245.31,236.86,"11,518,800",4.43,16.14
2024-11-18,245.03,236.59,"9,051,400",4.42,15.58
2024-11-19,243.09,234.72,"6,792,700",4.39,16.35
2024-11-20,240.78,232.49,"9,015,300",4.41,17.16
2024-11-21,244.76,236.33,"8,783,500",4.43,16.87
2024-11-22,248.55,239.99,"7,997,300",4.41,15.24
2024-11-25,250.29,241.67,"10,295,400",4.27,14.6
2024-11-26,249.97,241.36,"6,212,100",4.3,14.1
2024-11-27,249.79,241.19,"5,472,300",4.25,14.1
2024-11-29,249.72,241.12,"5,494,800",4.18,13.51
2024-12-02,246.25,237.77,"8,899,700",4.19,13.34
2024-12-03,244.82,236.39,"6,657,700",4.23,13.3
2024-12-04,243.4,235.02,"7,346,300",4.19,13.45
2024-12-05,245.48,237.03,"6,572,500",4.17,13.54
2024-12-06,247.36,238.84,"5,519,700",4.15,12.77
2024-12-09,243.81,235.41,"7,076,500",4.2,14.19
2024-12-10,242.86,234.5,"9,108,300",4.22,14.18
2024-12-11,243.53,235.14,"7,884,400",4.26,13.58
2024-12-12,241.53,233.21,"6,113,800",4.32,13.92
2024-12-13,239.94,231.68,"10,392,700",4.4,13.81
2024-12-16,239.58,231.33,"9,032,000",4.39,14.69
2024-12-17,238.36,230.15,"8,083,600",4.4,15.87
2024-12-18,230.37,222.44,"11,322,400",4.5,27.62
2024-12-19,232.96,224.94,"11,790,800",4.57,24.09
2024-12-20,237.6,229.42,"32,348,400",4.52,18.36
2024-12-23,238.39,230.18,"8,611,500",4.59,16.78
2024-12-24,242.31,233.96,"3,729,100",4.59,14.27
2024-12-26,243.14,234.77,"4,451,800",4.58,14.73
2024-12-27,241.17,232.86,"5,730,200",4.62,15.95
2024-12-30,239.32,231.08,"5,723,800",4.55,17.4
2024-12-31,239.71,231.45,"4,871,000",4.58,17.35
